id	first_name	last_name	email	gender	ip_address	income
1	Dredi	Steketee	dsteketee0@ox.ac.uk	Female	158.223.233.140	$8940.35
2	Karna	Noble	knoble1@hc360.com	Female	244.71.205.187	$7177.45
3	Gavan	Orhtmann	gorhtmann2@vk.com	Male	76.141.157.217	$8558.25
4	Merna	Wallbrook	mwallbrook3@archive.org	Female	84.202.218.105	$3351.35
5	Kory	Glanester	kglanester4@nifty.com	Male	140.169.103.1	$3116.06
6	Pincus	McCaghan	pmccaghan5@google.ru	Male	23.171.50.116	$1203.68
7	Carlina	Sherel	csherel6@lulu.com	Female	232.156.65.133	$7672.49
8	Peg	Renol	prenol7@bbc.co.uk	Female	104.239.101.66	$5437.90
9	Cori	Ludvigsen	cludvigsen8@ning.com	Male	194.88.48.40	$1940.29
10	Ricard	McLenahan	rmclenahan9@flickr.com	Male	105.121.226.0	$8468.35
11	Baird	Parlatt	bparlatta@nih.gov	Male	82.143.49.182	$6135.99
12	Norma	Petruska	npetruskab@newyorker.com	Female	38.29.236.107	$9556.33
13	Catlee	Rooze	croozec@woothemes.com	Female	156.79.160.194	$165.49
14	Luz	Barense	lbarensed@bloomberg.com	Female	114.51.227.222	$3059.22
15	Neala	Gaspard	ngasparde@house.gov	Female	11.199.237.150	$558.45
16	Cindie	Razoux	crazouxf@w3.org	Female	114.63.12.14	$5333.51
17	Any	Vause	avauseg@qq.com	Male	72.161.40.77	$3295.48
18	Holly	Wear	hwearh@ebay.com	Male	19.187.114.12	$9055.22
19	Ali	Tortis	atortisi@myspace.com	Male	150.110.221.197	$4220.45
20	Hamish	Ranger	hrangerj@angelfire.com	Male	29.249.250.106	$6370.54
21	Ilene	Gilfether	igilfetherk@alexa.com	Female	25.41.96.167	$7193.92
22	Alica	Linger	alingerl@narod.ru	Female	22.67.127.247	$8446.03
23	Benedick	Coram	bcoramm@mit.edu	Male	45.227.249.45	$1401.67
24	Deane	Benois	dbenoisn@google.com.hk	Male	227.82.21.146	$1624.92
25	Milicent	Tellenbrok	mtellenbroko@adobe.com	Female	125.207.146.253	$8362.86
26	Jeniece	Pember	jpemberp@so-net.ne.jp	Female	86.27.236.246	$6556.69
27	Lusa	Karpf	lkarpfq@businesswire.com	Female	213.15.178.177	$1670.57
28	Marybeth	Jobbings	mjobbingsr@mapy.cz	Female	56.242.78.35	$7165.38
29	Clemmie	Kirdsch	ckirdschs@ca.gov	Male	156.37.77.157	$1305.27
30	Margo	Gimblet	mgimblett@usnews.com	Female	62.11.64.236	$8667.07
31	Holden	Dales	hdalesu@webs.com	Male	41.1.119.192	$4154.23
32	Fergus	Dybell	fdybellv@tamu.edu	Male	225.122.255.144	$7913.84
33	Guthrie	Gavigan	ggaviganw@baidu.com	Male	98.52.117.202	$9793.16
34	Giorgi	D'eye	gdeyex@chicagotribune.com	Male	106.62.80.33	$6494.39
35	Tuesday	Wrightham	twrighthamy@gov.uk	Female	136.235.169.11	$1076.88
36	Ora	Cattach	ocattachz@usgs.gov	Female	138.133.75.154	$7868.91
37	Chandra	Everton	ceverton10@house.gov	Female	220.90.149.140	$6747.37
38	Tamas	Kennion	tkennion11@usnews.com	Male	91.82.60.224	$2536.43
39	Marin	Body	mbody12@ft.com	Female	30.147.86.232	$6189.08
40	Devland	Blasio	dblasio13@geocities.com	Male	84.237.181.17	$6858.58
41	Birk	Dannel	bdannel14@nytimes.com	Male	173.217.106.26	$2780.68
42	Bondy	Tirone	btirone15@addthis.com	Male	237.170.179.238	$6083.97
43	Amerigo	Sarfass	asarfass16@seesaa.net	Male	152.144.138.196	$5882.19
44	Sallyanne	Matthewes	smatthewes17@ucoz.ru	Female	159.129.235.99	$1931.69
45	Maren	Arnau	marnau18@123-reg.co.uk	Female	70.199.78.38	$2408.75
46	Jacquelin	Applewhite	japplewhite19@addtoany.com	Female	84.43.118.125	$8703.61
47	Harmony	Withur	hwithur1a@ning.com	Female	82.189.94.31	$4506.54
48	Kathrine	Knight	kknight1b@123-reg.co.uk	Female	245.32.162.201	$4520.84
49	Ardelia	Nono	anono1c@mlb.com	Female	31.41.62.138	$5429.39
50	Kelley	Migheli	kmigheli1d@wiley.com	Female	126.75.158.223	$2989.37
51	Henka	Schwandt	hschwandt1e@mozilla.org	Female	28.93.77.175	$854.67
52	Roger	Crone	rcrone1f@sphinn.com	Male	142.47.102.30	$1313.22
53	Nester	McRobbie	nmcrobbie1g@go.com	Male	80.247.97.146	$2532.69
54	Godfry	Mott	gmott1h@mac.com	Male	41.162.250.64	$8812.83
55	Aaren	Fitzackerley	afitzackerley1i@joomla.org	Female	244.18.181.253	$2719.58
56	Dev	Goudman	dgoudman1j@istockphoto.com	Male	54.202.28.98	$5084.83
57	Ruthe	Littrell	rlittrell1k@tripod.com	Female	192.110.11.253	$98.33
58	Rick	Pittendreigh	rpittendreigh1l@dell.com	Male	28.139.127.169	$7870.70
59	Kenyon	Rosenhaus	krosenhaus1m@4shared.com	Male	128.245.22.7	$269.07
60	Yorke	Keasy	ykeasy1n@myspace.com	Male	139.81.7.111	$4759.74
61	Loise	Lilion	llilion1o@boston.com	Female	81.238.213.170	$1944.87
62	Cecil	Maypes	cmaypes1p@gmpg.org	Female	64.208.189.129	$7327.59
63	Rolland	Warrener	rwarrener1q@telegraph.co.uk	Male	155.37.202.151	$6089.07
64	Carolin	Berget	cberget1r@list-manage.com	Female	74.102.73.48	$1575.74
65	Haleigh	Payle	hpayle1s@samsung.com	Male	137.184.126.174	$3015.20
66	Pattie	Wroth	pwroth1t@ovh.net	Male	162.143.52.146	$940.25
67	Jean	Geeritz	jgeeritz1u@va.gov	Male	60.22.96.147	$2538.43
68	Dorthy	Elmhirst	delmhirst1v@google.fr	Female	193.252.0.134	$8775.10
69	Erich	Martinson	emartinson1w@columbia.edu	Male	162.149.219.2	$431.05
70	Skippie	Cavanaugh	scavanaugh1x@unblog.fr	Male	107.175.93.228	$7602.84
71	Kasper	Mundell	kmundell1y@irs.gov	Male	105.78.34.77	$2102.85
72	Jim	Sawers	jsawers1z@dagondesign.com	Male	48.58.252.230	$4621.20
73	Ines	Paulot	ipaulot20@cocolog-nifty.com	Female	247.66.140.204	$2256.50
74	Dante	Francescoccio	dfrancescoccio21@bloglines.com	Male	20.250.121.76	$5412.75
75	Jaye	Saile	jsaile22@mapy.cz	Male	196.210.185.209	$3983.57
76	Logan	Graith	lgraith23@gravatar.com	Male	170.186.171.241	$2517.29
77	Alex	Jacqueminot	ajacqueminot24@ask.com	Male	159.183.166.28	$7322.06
78	Ciro	Casero	ccasero25@cornell.edu	Male	226.49.172.31	$5447.73
79	Gaylene	Eccleshare	geccleshare26@yellowbook.com	Female	82.130.152.94	$4483.31
80	Finn	Gott	fgott27@vkontakte.ru	Male	205.131.28.171	$9494.00
81	Dodi	Stickens	dstickens28@boston.com	Female	35.27.116.173	$6914.36
82	Otho	Klimschak	oklimschak29@last.fm	Male	128.37.198.123	$8868.20
83	Belita	Gantzman	bgantzman2a@wikipedia.org	Female	52.9.221.220	$5932.38
84	Benjie	Rusbridge	brusbridge2b@odnoklassniki.ru	Male	43.110.6.237	$319.96
85	Inglis	Insoll	iinsoll2c@hostgator.com	Male	98.165.122.47	$1944.46
86	Natty	Basham	nbasham2d@virginia.edu	Male	230.29.89.183	$3816.80
87	Hervey	Hannent	hhannent2e@uiuc.edu	Male	72.0.235.255	$6782.34
88	Gaspar	Devorill	gdevorill2f@skyrock.com	Male	243.104.37.110	$6444.66
89	Bird	Sams	bsams2g@wikimedia.org	Female	63.161.46.112	$8982.63
90	Hayley	Kinnoch	hkinnoch2h@tripod.com	Female	75.214.87.35	$7804.93
91	Lyndsay	Ruos	lruos2i@cbsnews.com	Female	39.111.157.236	$3740.54
92	Joby	Braghini	jbraghini2j@google.com.br	Female	38.212.33.112	$8494.83
93	Haley	Teck	hteck2k@prlog.org	Female	85.120.254.236	$6136.18
94	Sandra	Devall	sdevall2l@earthlink.net	Female	221.232.108.96	$6836.79
95	Cristie	Eccleshare	ceccleshare2m@europa.eu	Female	94.202.201.185	$3989.28
96	Killie	Freemantle	kfreemantle2n@baidu.com	Male	21.15.19.139	$5959.49
97	Kahaleel	Musicka	kmusicka2o@miitbeian.gov.cn	Male	50.157.40.181	$9021.61
98	Walker	Gowthorpe	wgowthorpe2p@fotki.com	Male	34.66.195.106	$548.35
99	Rikki	Grimbaldeston	rgrimbaldeston2q@quantcast.com	Female	46.141.119.118	$5721.90
100	Josee	Tollady	jtollady2r@google.com.br	Female	50.194.207.8	$2846.76
101	Venus	Gaskarth	vgaskarth2s@meetup.com	Female	244.179.119.187	$6254.05
102	Padriac	Curtis	pcurtis2t@cnet.com	Male	79.172.75.147	$600.74
103	Natty	Pickrell	npickrell2u@arstechnica.com	Female	57.152.33.183	$6663.84
104	Carlo	Husband	chusband2v@google.de	Male	234.164.27.154	$9470.32
105	Brnaby	Orrock	borrock2w@joomla.org	Male	154.35.60.236	$7295.29
106	Marna	Bullock	mbullock2x@amazon.co.jp	Female	21.146.207.195	$8647.76
107	Rahel	Cromblehome	rcromblehome2y@yolasite.com	Female	90.169.232.113	$1050.56
108	Oralee	Adnet	oadnet2z@sina.com.cn	Female	64.200.220.15	$5072.05
109	Adrian	Belcher	abelcher30@sogou.com	Male	32.84.86.172	$213.03
110	Lorry	McTeer	lmcteer31@china.com.cn	Male	14.174.92.244	$4172.91
111	Sylvester	Mitro	smitro32@state.gov	Male	88.221.27.157	$6460.80
112	Crichton	Guislin	cguislin33@last.fm	Male	21.205.213.18	$9842.33
113	Prent	Stroder	pstroder34@vkontakte.ru	Male	159.235.238.1	$1973.08
114	Stanton	Tapley	stapley35@netscape.com	Male	22.62.159.164	$6184.17
115	Norina	Mayo	nmayo36@wufoo.com	Female	40.123.43.29	$5186.18
116	Shaylynn	Davidzon	sdavidzon37@nyu.edu	Female	51.226.34.77	$5993.58
117	Zorah	MacNelly	zmacnelly38@narod.ru	Female	235.170.146.43	$334.53
118	Krista	North	knorth39@oakley.com	Female	131.61.67.43	$2293.17
119	Gerladina	Wrought	gwrought3a@mit.edu	Female	164.153.147.92	$4441.91
120	Rodolfo	Liddington	rliddington3b@google.cn	Male	45.149.55.143	$8709.95
121	Leah	Hutten	lhutten3c@oaic.gov.au	Female	9.69.142.100	$5886.67
122	Witty	Caulwell	wcaulwell3d@cyberchimps.com	Male	162.222.188.187	$9169.87
123	Joyan	Juzek	jjuzek3e@google.de	Female	15.57.170.206	$7232.22
124	Ruthe	Haggerwood	rhaggerwood3f@artisteer.com	Female	186.213.121.61	$1176.71
125	Minette	Danford	mdanford3g@blogs.com	Female	30.31.242.53	$871.06
126	Bell	Wisher	bwisher3h@elegantthemes.com	Female	11.36.244.199	$5025.64
127	Doe	Sweetmore	dsweetmore3i@blogtalkradio.com	Female	78.8.3.10	$3877.91
128	Lilith	Pulman	lpulman3j@loc.gov	Female	158.192.150.212	$4820.94
129	Hartley	Malletratt	hmalletratt3k@bizjournals.com	Male	238.228.138.104	$5928.75
130	Ruth	Cutforth	rcutforth3l@tuttocitta.it	Female	142.228.23.17	$9097.58
131	Sylvia	Doale	sdoale3m@xinhuanet.com	Female	5.97.50.121	$1799.73
132	Bernardo	Cowle	bcowle3n@is.gd	Male	55.234.232.196	$8953.42
133	Verena	Gascard	vgascard3o@bloglovin.com	Female	202.4.91.196	$7580.20
134	Karlotta	Trundler	ktrundler3p@hugedomains.com	Female	247.245.28.27	$7793.27
135	Torrence	Vasilenko	tvasilenko3q@boston.com	Male	197.26.5.165	$8653.75
136	Mikel	Menzies	mmenzies3r@mysql.com	Male	58.119.41.94	$6966.43
137	Nathaniel	Bellhanger	nbellhanger3s@examiner.com	Male	8.43.255.220	$7304.18
138	Gertrude	Fishly	gfishly3t@cnet.com	Female	148.174.31.112	$8854.03
139	Wynn	Kennagh	wkennagh3u@de.vu	Female	15.161.95.51	$3159.76
140	Efrem	Sturte	esturte3v@freewebs.com	Male	77.56.40.215	$4948.09
141	Robenia	Cham	rcham3w@webeden.co.uk	Female	174.96.107.214	$5573.93
142	Agosto	Hrinishin	ahrinishin3x@hubpages.com	Male	30.48.166.234	$4768.20
143	Hallsy	Kimm	hkimm3y@wikipedia.org	Male	15.6.103.143	$8436.91
144	Odelia	Thomton	othomton3z@newsvine.com	Female	31.51.194.14	$3188.98
145	Isador	Najera	inajera40@lycos.com	Male	5.235.86.192	$2582.25
146	Kelley	Snell	ksnell41@chronoengine.com	Male	167.113.79.134	$7271.92
147	Erv	Kauble	ekauble42@globo.com	Male	185.22.175.129	$7359.86
148	Rochella	Treacy	rtreacy43@jimdo.com	Female	170.194.200.236	$8921.79
149	Chad	Stukings	cstukings44@livejournal.com	Male	177.164.60.216	$9056.07
150	Frants	McGannon	fmcgannon45@mayoclinic.com	Male	160.167.13.93	$3956.53
151	Bjorn	Haill	bhaill46@google.fr	Male	27.118.14.105	$1071.14
152	Niko	Goodreid	ngoodreid47@wikimedia.org	Male	99.163.25.223	$6946.76
153	Royal	Carslake	rcarslake48@blogs.com	Male	244.134.62.95	$2226.05
154	Curcio	Charke	ccharke49@blogtalkradio.com	Male	73.104.227.229	$3425.04
155	Alfons	Mannion	amannion4a@cpanel.net	Male	194.148.62.145	$3235.36
156	Aaron	Figgins	afiggins4b@microsoft.com	Male	250.135.206.196	$331.88
157	Mehetabel	Dursley	mdursley4c@w3.org	Female	65.97.39.173	$155.84
158	Mikol	Reven	mreven4d@xing.com	Male	177.103.202.54	$9749.09
159	Rodrique	Wrathall	rwrathall4e@adobe.com	Male	65.76.162.164	$2029.95
160	Darelle	Ballard	dballard4f@census.gov	Female	86.79.113.34	$1093.68
161	Ilaire	Baudin	ibaudin4g@shinystat.com	Male	185.30.148.189	$5108.12
162	Foss	Monteaux	fmonteaux4h@uol.com.br	Male	245.194.146.76	$1850.61
163	Demetri	Lindenboim	dlindenboim4i@arstechnica.com	Male	56.252.29.94	$5981.98
164	Yvor	McCorley	ymccorley4j@amazon.co.uk	Male	220.121.14.237	$3595.34
165	Delainey	Gregoratti	dgregoratti4k@angelfire.com	Male	160.248.178.93	$4332.71
166	Gage	Sleigh	gsleigh4l@si.edu	Male	174.74.119.253	$1410.01
167	Dominik	Carabine	dcarabine4m@ebay.com	Male	204.236.100.136	$4831.19
168	Rubia	Abby	rabby4n@creativecommons.org	Female	49.184.137.245	$8022.19
169	Wilmar	Weekley	wweekley4o@github.com	Male	222.15.35.227	$7198.17
170	Duffie	Oswal	doswal4p@123-reg.co.uk	Male	235.123.66.197	$8212.25
171	Ab	Grimmer	agrimmer4q@discovery.com	Male	150.195.16.31	$3909.09
172	Kimberli	Nuttey	knuttey4r@sina.com.cn	Female	133.194.46.75	$8989.76
173	Fred	Marsh	fmarsh4s@xing.com	Female	125.128.144.65	$2854.37
174	Malchy	Catterick	mcatterick4t@multiply.com	Male	120.184.53.156	$5928.51
175	Abba	Pheazey	apheazey4u@123-reg.co.uk	Male	10.147.172.89	$4081.98
176	Conrad	Andrzejczak	candrzejczak4v@people.com.cn	Male	36.7.190.2	$7393.23
177	Carlin	Mingaye	cmingaye4w@marketwatch.com	Female	249.16.190.249	$2400.30
178	Levy	Jursch	ljursch4x@addthis.com	Male	165.69.112.94	$7607.91
179	Ameline	Cromarty	acromarty4y@google.co.jp	Female	237.21.23.96	$5605.82
180	Osbert	McCreath	omccreath4z@hexun.com	Male	143.226.167.154	$3952.62
181	Amery	Medley	amedley50@chron.com	Male	249.68.21.206	$9703.60
182	Ashlan	Helsdon	ahelsdon51@washington.edu	Female	177.230.68.164	$2134.39
183	Petey	Stocks	pstocks52@prlog.org	Male	226.229.45.42	$7423.49
184	Marline	Gornar	mgornar53@yandex.ru	Female	129.143.216.160	$2619.64
185	Ulick	Chaddock	uchaddock54@archive.org	Male	198.30.179.12	$6957.60
186	Ailey	Washbrook	awashbrook55@illinois.edu	Female	85.231.251.206	$9786.90
187	Laurent	Tortice	ltortice56@blogger.com	Male	13.222.219.181	$5218.69
188	Fanya	Abrahmovici	fabrahmovici57@wired.com	Female	132.243.107.121	$762.14
189	Francoise	Naismith	fnaismith58@facebook.com	Female	138.47.252.25	$9826.89
190	Elton	Havick	ehavick59@elegantthemes.com	Male	11.0.245.34	$9037.58
191	Massimo	Balazs	mbalazs5a@a8.net	Male	60.19.71.68	$9815.30
192	Cass	Hemerijk	chemerijk5b@nymag.com	Male	74.9.192.254	$5251.76
193	Barr	Piatek	bpiatek5c@smh.com.au	Male	14.52.109.5	$1510.37
194	Nye	Riche	nriche5d@shareasale.com	Male	141.242.228.89	$5488.51
195	Uriah	Caulier	ucaulier5e@dagondesign.com	Male	20.30.75.145	$4234.24
196	Rowney	Rewbottom	rrewbottom5f@issuu.com	Male	20.183.194.14	$6840.26
197	Reggy	Sturr	rsturr5g@theguardian.com	Male	51.180.111.78	$9082.87
198	Clotilda	Busson	cbusson5h@slideshare.net	Female	236.39.196.250	$8481.11
199	Elissa	Murricanes	emurricanes5i@ucla.edu	Female	166.193.231.246	$995.08
200	Silvio	Cavanagh	scavanagh5j@meetup.com	Male	233.2.106.116	$7765.32
201	Akim	Averies	aaveries5k@prweb.com	Male	219.64.124.239	$6007.17
202	Loy	Seydlitz	lseydlitz5l@nbcnews.com	Male	124.60.64.28	$6219.60
203	Jaimie	Hulstrom	jhulstrom5m@vinaora.com	Female	73.238.64.77	$7166.10
204	Arne	Tinto	atinto5n@google.com	Male	33.61.242.231	$1754.63
205	Rowe	Gronou	rgronou5o@gov.uk	Female	197.203.224.117	$4028.27
206	Finley	Alabaster	falabaster5p@youku.com	Male	240.75.78.254	$3333.09
207	Howard	Parcell	hparcell5q@omniture.com	Male	76.74.119.145	$9429.28
208	Kalinda	Chestle	kchestle5r@altervista.org	Female	159.179.92.104	$9161.85
209	Zia	Swinley	zswinley5s@guardian.co.uk	Female	133.103.5.75	$3497.52
210	Windham	Gossart	wgossart5t@prweb.com	Male	106.87.251.93	$5829.90
211	Adina	Challener	achallener5u@bing.com	Female	182.166.98.89	$2050.74
212	Mariejeanne	Filmer	mfilmer5v@so-net.ne.jp	Female	65.16.209.224	$9869.79
213	Gaelan	Twaits	gtwaits5w@msu.edu	Male	98.88.29.91	$9231.13
214	Stevena	Wooton	swooton5x@nyu.edu	Female	7.188.48.247	$5029.38
215	Ilsa	McCord	imccord5y@dell.com	Female	23.38.137.119	$8585.58
216	Jacquelyn	Strike	jstrike5z@printfriendly.com	Female	248.220.106.192	$4290.12
217	Charissa	Lorrie	clorrie60@aol.com	Female	209.20.248.118	$6233.21
218	Alessandro	Hyslop	ahyslop61@over-blog.com	Male	4.66.43.7	$8997.91
219	Coriss	Raisher	craisher62@wp.com	Female	197.226.3.196	$6505.18
220	Moshe	Pedrozzi	mpedrozzi63@yale.edu	Male	57.239.117.217	$253.37
221	Sherri	Blum	sblum64@fotki.com	Female	234.212.7.36	$7698.05
222	Gino	Coupland	gcoupland65@oracle.com	Male	227.151.74.83	$4093.30
223	Evelin	Wastell	ewastell66@feedburner.com	Male	26.42.35.95	$6651.81
224	Torey	Escreet	tescreet67@over-blog.com	Male	14.126.22.117	$3813.11
225	Trueman	Moynham	tmoynham68@ameblo.jp	Male	52.205.37.54	$3120.53
226	Benny	Janssens	bjanssens69@spiegel.de	Male	89.115.248.112	$4177.76
227	Marley	Bromehead	mbromehead6a@samsung.com	Female	226.199.105.232	$711.41
228	Eldon	Ratt	eratt6b@omniture.com	Male	201.65.120.203	$5919.62
229	Araldo	Rego	arego6c@google.ru	Male	24.126.136.140	$3485.05
230	Moina	Vickery	mvickery6d@about.com	Female	34.173.209.63	$2870.20
231	Yovonnda	Batt	ybatt6e@forbes.com	Female	72.220.80.166	$9115.54
232	Elfrida	Kinrade	ekinrade6f@youtu.be	Female	241.43.242.135	$7488.70
233	Fee	Pittock	fpittock6g@netvibes.com	Male	25.30.150.80	$1025.42
234	Elke	Fogden	efogden6h@shop-pro.jp	Female	40.110.209.208	$3554.38
235	Morena	Marcussen	mmarcussen6i@stanford.edu	Female	220.204.205.70	$5631.12
236	Sheri	Herety	sherety6j@bloglines.com	Female	76.221.22.95	$9673.73
237	Marti	Sentance	msentance6k@posterous.com	Female	42.3.94.118	$2495.23
238	Laurianne	Lafaye	llafaye6l@flavors.me	Female	233.163.2.107	$1318.81
239	Edgard	Edmett	eedmett6m@techcrunch.com	Male	63.13.53.0	$2520.27
240	Zenia	Armfield	zarmfield6n@pinterest.com	Female	13.117.221.95	$6547.52
241	Joy	Mowson	jmowson6o@zimbio.com	Female	46.247.180.77	$661.16
242	Tedman	Himsworth	thimsworth6p@live.com	Male	57.237.106.199	$4762.40
243	Ingeborg	Tournie	itournie6q@biblegateway.com	Female	147.23.191.229	$8706.38
244	Robbyn	Klehn	rklehn6r@discovery.com	Female	188.6.200.254	$885.22
245	Tierney	Franzewitch	tfranzewitch6s@dmoz.org	Female	165.45.243.114	$5893.62
246	Malva	Altamirano	maltamirano6t@usnews.com	Female	251.254.105.179	$2522.27
247	Bondy	Maidstone	bmaidstone6u@51.la	Male	78.116.62.157	$3693.16
248	Faunie	Pecey	fpecey6v@who.int	Female	190.100.59.125	$6876.54
249	Taite	Yacobsohn	tyacobsohn6w@prlog.org	Male	137.147.101.160	$1862.56
250	Waite	Kennefick	wkennefick6x@jiathis.com	Male	36.68.231.40	$4984.19
251	Sibby	Graine	sgraine6y@ibm.com	Female	145.5.95.39	$3969.85
252	Bevan	Eberts	beberts6z@elegantthemes.com	Male	40.189.192.23	$8905.46
253	Hakeem	Yegorov	hyegorov70@so-net.ne.jp	Male	198.241.127.60	$3678.74
254	Byrom	Campes	bcampes71@parallels.com	Male	159.54.119.223	$3125.27
255	Reena	Bim	rbim72@yolasite.com	Female	134.230.111.127	$561.86
256	Ardis	Earengey	aearengey73@amazon.com	Female	62.168.233.154	$445.36
257	Miner	Greenrod	mgreenrod74@aboutads.info	Male	245.235.172.20	$5322.27
258	Alvera	Selliman	aselliman75@google.com.br	Female	75.62.147.202	$5413.50
259	Antonietta	Brightwell	abrightwell76@sun.com	Female	184.219.234.236	$6061.12
260	Aigneis	Austen	aausten77@webs.com	Female	35.230.140.65	$5311.91
261	Tedie	Trye	ttrye78@tumblr.com	Male	198.192.169.149	$6068.89
262	Nikita	Murtimer	nmurtimer79@imgur.com	Male	135.165.136.58	$8211.41
263	Cherri	Lansly	clansly7a@bravesites.com	Female	14.75.30.252	$9768.88
264	Karney	Lindblom	klindblom7b@vistaprint.com	Male	211.136.74.48	$4125.00
265	Karlen	Cheeld	kcheeld7c@theglobeandmail.com	Female	148.14.39.185	$1094.76
266	Reyna	McClaurie	rmcclaurie7d@wikimedia.org	Female	254.193.4.104	$6954.99
267	Marc	Warke	mwarke7e@desdev.cn	Male	63.76.225.232	$3087.72
268	Kristien	Bentson	kbentson7f@psu.edu	Female	216.19.229.52	$9548.44
269	Claude	Beattie	cbeattie7g@state.tx.us	Female	22.168.201.58	$6828.81
270	Lorelle	Matteotti	lmatteotti7h@usatoday.com	Female	217.54.105.248	$8032.91
271	Karim	Gethouse	kgethouse7i@sitemeter.com	Male	188.43.10.34	$8539.88
272	Cristi	Toulamain	ctoulamain7j@ow.ly	Female	43.89.122.101	$3744.82
273	Brew	Obispo	bobispo7k@myspace.com	Male	57.4.196.83	$497.27
274	Levin	Prodrick	lprodrick7l@ca.gov	Male	239.18.246.3	$5326.79
275	Dilan	Maudlen	dmaudlen7m@edublogs.org	Male	196.197.203.114	$4749.04
276	Keir	Robbings	krobbings7n@opera.com	Male	239.30.216.255	$3051.36
277	Alysia	Brasener	abrasener7o@theatlantic.com	Female	12.78.156.108	$9406.83
278	Ailee	Loving	aloving7p@blinklist.com	Female	59.137.141.115	$4813.56
279	Ber	Chander	bchander7q@ted.com	Male	203.183.163.196	$9694.36
280	Carey	Cottrill	ccottrill7r@howstuffworks.com	Male	93.99.64.234	$1151.92
281	Johnna	Tipping	jtipping7s@patch.com	Female	88.223.51.34	$3289.55
282	Wilbert	Tackley	wtackley7t@geocities.jp	Male	220.26.64.3	$4466.19
283	Giusto	Prandi	gprandi7u@wufoo.com	Male	245.191.76.121	$4643.91
284	Roselia	Slavin	rslavin7v@deviantart.com	Female	112.176.155.181	$9217.64
285	Kareem	Teasdale	kteasdale7w@about.com	Male	128.164.90.207	$2616.50
286	Missy	Stuart	mstuart7x@xing.com	Female	243.39.109.123	$4519.46
287	Val	Paley	vpaley7y@wikia.com	Male	14.10.203.38	$8494.50
288	Camella	Bendan	cbendan7z@army.mil	Female	133.210.56.181	$9548.16
289	Gisella	Clemenza	gclemenza80@wiley.com	Female	39.156.111.185	$4081.58
290	Ranice	Reeders	rreeders81@samsung.com	Female	132.19.214.49	$3623.07
291	Ursa	Drackford	udrackford82@fema.gov	Female	179.242.31.58	$1845.40
292	Carlyn	Gage	cgage83@bizjournals.com	Female	163.155.126.121	$383.95
293	Orly	Chung	ochung84@businessinsider.com	Female	159.245.118.83	$9374.26
294	Tallie	Denisyuk	tdenisyuk85@tamu.edu	Female	9.136.214.59	$3883.53
295	Avery	Grund	agrund86@pagesperso-orange.fr	Male	113.217.0.97	$482.36
296	Henderson	Braddock	hbraddock87@parallels.com	Male	222.254.141.163	$1008.95
297	Normy	Killerby	nkillerby88@sun.com	Male	162.181.226.88	$1894.11
298	Misha	Winspeare	mwinspeare89@hubpages.com	Female	234.198.226.71	$6520.20
299	Jarid	Wellings	jwellings8a@lycos.com	Male	17.65.251.116	$5161.74
300	Mirilla	Fedder	mfedder8b@goo.gl	Female	110.218.26.228	$5533.50
301	Paddy	McTeggart	pmcteggart8c@i2i.jp	Male	96.212.224.195	$1156.34
302	Kathrine	Kingerby	kkingerby8d@umn.edu	Female	213.174.38.164	$6542.58
303	Pauli	Lavigne	plavigne8e@google.co.uk	Female	255.135.194.168	$6047.98
304	Jodi	Joncic	jjoncic8f@hibu.com	Male	117.176.36.134	$6140.64
305	Law	Kildea	lkildea8g@spiegel.de	Male	2.30.60.79	$626.97
306	Annamarie	Staten	astaten8h@cam.ac.uk	Female	25.75.2.237	$657.47
307	Stefania	Fendley	sfendley8i@pcworld.com	Female	36.165.199.110	$8791.14
308	Ruben	Coneau	rconeau8j@dion.ne.jp	Male	21.249.59.67	$133.71
309	Charley	Mein	cmein8k@uiuc.edu	Male	149.169.234.96	$132.05
310	Enrika	Staves	estaves8l@ted.com	Female	63.228.120.61	$7148.92
311	Simonne	Hanselmann	shanselmann8m@weibo.com	Female	145.224.127.52	$9939.16
312	Maressa	Belderfield	mbelderfield8n@xinhuanet.com	Female	102.190.197.173	$170.98
313	Edward	Veel	eveel8o@delicious.com	Male	133.221.29.239	$4349.88
314	Dewitt	Schimoni	dschimoni8p@fastcompany.com	Male	136.64.186.100	$2181.64
315	Karisa	Flori	kflori8q@furl.net	Female	50.165.110.139	$3465.16
316	Kristo	Weld	kweld8r@hao123.com	Male	61.239.242.207	$8311.48
317	Myrta	Cragell	mcragell8s@angelfire.com	Female	166.225.123.227	$121.96
318	Lian	Darlison	ldarlison8t@icio.us	Female	196.184.80.238	$5779.09
319	Fernandina	Mintrim	fmintrim8u@cyberchimps.com	Female	245.131.86.194	$4106.11
320	Chrisy	Hubbold	chubbold8v@ebay.co.uk	Male	191.192.239.141	$6223.09
321	Kassia	Kidder	kkidder8w@simplemachines.org	Female	77.208.175.81	$572.31
322	Jozef	Pretor	jpretor8x@mail.ru	Male	5.26.39.35	$2905.17
323	Kaja	Quinnelly	kquinnelly8y@moonfruit.com	Female	142.121.107.37	$5335.96
324	Brandon	Domenge	bdomenge8z@ustream.tv	Male	137.202.20.143	$5957.18
325	Daryl	Vallentin	dvallentin90@scribd.com	Male	179.202.135.33	$9271.96
326	Manny	Bome	mbome91@who.int	Male	80.222.45.175	$7545.01
327	Vlad	Dafydd	vdafydd92@un.org	Male	190.219.48.138	$3617.35
328	Annabelle	Gimblett	agimblett93@craigslist.org	Female	63.170.129.184	$6571.49
329	Nana	Bulfit	nbulfit94@github.io	Female	223.28.251.194	$2455.28
330	Kelbee	Fielding	kfielding95@ihg.com	Male	41.255.148.237	$8808.48
331	Paolo	Bevens	pbevens96@gravatar.com	Male	227.171.172.52	$2379.38
332	Elinore	Torr	etorr97@wikipedia.org	Female	1.102.35.184	$6315.60
333	Guglielma	Elderidge	gelderidge98@webnode.com	Female	249.204.217.18	$2370.81
334	Mady	Truckell	mtruckell99@theglobeandmail.com	Female	197.130.4.138	$3868.70
335	Paolina	Torn	ptorn9a@gravatar.com	Female	171.251.12.212	$6536.71
336	Cherry	Gunthorpe	cgunthorpe9b@technorati.com	Female	175.9.32.164	$4602.54
337	Maximilianus	Schutze	mschutze9c@unblog.fr	Male	235.16.147.211	$8142.93
338	Jabez	Pasby	jpasby9d@storify.com	Male	15.205.120.203	$1286.31
339	Shawnee	Dinnies	sdinnies9e@woothemes.com	Female	7.143.45.146	$6542.82
340	Jeramie	Fallowfield	jfallowfield9f@nifty.com	Male	249.123.230.138	$1737.08
341	Derron	Kernar	dkernar9g@nsw.gov.au	Male	90.255.15.64	$4603.82
342	Fleurette	Maryon	fmaryon9h@123-reg.co.uk	Female	124.244.65.41	$654.48
343	Heddi	Jancey	hjancey9i@pen.io	Female	84.88.44.254	$5347.63
344	Maegan	MacQuist	mmacquist9j@china.com.cn	Female	252.26.149.238	$9679.89
345	Cheryl	Everit	ceverit9k@va.gov	Female	96.43.237.90	$1949.22
346	Urson	Fernie	ufernie9l@hexun.com	Male	65.67.149.44	$7059.50
347	Mahalia	Boodle	mboodle9m@pagesperso-orange.fr	Female	70.69.45.237	$5459.47
348	Frederick	Bousfield	fbousfield9n@indiegogo.com	Male	245.24.145.39	$8031.80
349	Gwenore	Tonry	gtonry9o@etsy.com	Female	248.183.49.65	$4404.52
350	Barde	Bundock	bbundock9p@theglobeandmail.com	Male	251.12.61.17	$2895.85
351	Marta	Sirkett	msirkett9q@slashdot.org	Female	169.190.97.151	$3314.80
352	Louisa	Winthrop	lwinthrop9r@ebay.co.uk	Female	249.246.104.227	$2902.15
353	Ulises	Mickleborough	umickleborough9s@princeton.edu	Male	46.116.193.128	$2603.37
354	Audy	Minifie	aminifie9t@networksolutions.com	Female	28.117.75.246	$8515.65
355	Rowena	Blazdell	rblazdell9u@mysql.com	Female	171.172.141.195	$7483.88
356	Garv	Scoggins	gscoggins9v@opera.com	Male	75.49.203.230	$4431.15
357	Dona	Magenny	dmagenny9w@comsenz.com	Female	210.3.163.246	$6810.51
358	Annabal	Addlestone	aaddlestone9x@51.la	Female	188.188.39.68	$5715.36
359	Danie	Freebury	dfreebury9y@slashdot.org	Male	98.19.248.233	$4773.51
360	Carroll	Stedell	cstedell9z@salon.com	Male	140.101.125.207	$2349.03
361	Adriano	Archbutt	aarchbutta0@pen.io	Male	155.67.44.122	$2695.97
362	Krispin	Kobsch	kkobscha1@alibaba.com	Male	185.234.159.112	$9817.51
363	Stanislaus	Woolbrook	swoolbrooka2@marriott.com	Male	205.8.205.145	$3147.39
364	Gavan	Bellefonte	gbellefontea3@histats.com	Male	89.52.48.140	$8388.79
365	Skipton	Mirando	smirandoa4@latimes.com	Male	60.55.72.81	$5172.17
366	Scottie	Newlands	snewlandsa5@answers.com	Male	20.187.39.132	$8282.97
367	Jasmina	Churchley	jchurchleya6@de.vu	Female	177.158.201.228	$2428.63
368	Sophie	Cordrey	scordreya7@nature.com	Female	136.173.193.20	$3510.92
369	Bess	Limeburn	blimeburna8@go.com	Female	177.104.201.113	$129.99
370	Shannon	Pilbeam	spilbeama9@wired.com	Female	81.235.71.63	$9306.39
371	Nannie	Simonsson	nsimonssonaa@aol.com	Female	43.101.218.111	$9843.49
372	Aleen	Varns	avarnsab@foxnews.com	Female	131.186.241.99	$4113.74
373	Loreen	Sellar	lsellarac@samsung.com	Female	204.15.49.47	$9833.66
374	Elwood	Bunton	ebuntonad@networkadvertising.org	Male	143.175.205.95	$5691.54
375	Ken	Owbrick	kowbrickae@intel.com	Male	166.179.115.179	$4910.84
376	Kaiser	Pettersen	kpettersenaf@smugmug.com	Male	248.106.180.75	$4146.16
377	Merry	Kneale	mknealeag@wisc.edu	Male	90.224.115.82	$8403.27
378	Jerald	Cod	jcodah@linkedin.com	Male	226.107.165.115	$5816.28
379	Claudius	Oxborough	coxboroughai@sourceforge.net	Male	116.41.60.65	$2132.11
380	Lionel	Feek	lfeekaj@bbb.org	Male	56.246.222.169	$8458.09
381	Robinia	Swansbury	rswansburyak@tinyurl.com	Female	0.92.149.86	$6303.43
382	Halsey	Wiltshire	hwiltshireal@unicef.org	Male	198.255.222.51	$5688.68
383	Madelon	Dunlop	mdunlopam@theguardian.com	Female	182.44.189.210	$888.99
384	Bartolemo	Morrowe	bmorrowean@fastcompany.com	Male	99.102.213.197	$1747.64
385	Raven	Breslane	rbreslaneao@uiuc.edu	Female	24.177.104.120	$4377.69
386	Darin	Filtness	dfiltnessap@cdc.gov	Male	95.139.241.12	$975.06
387	Latrena	Comusso	lcomussoaq@mysql.com	Female	236.173.47.206	$9823.56
388	Lyndsay	Kalb	lkalbar@imdb.com	Female	49.32.132.76	$569.17
389	Adriano	Jarrel	ajarrelas@soup.io	Male	115.165.243.234	$9350.60
390	Ossie	O'Neill	ooneillat@ustream.tv	Male	156.180.17.179	$8292.07
391	Matthieu	Barock	mbarockau@alexa.com	Male	14.144.120.202	$944.68
392	Kalinda	Gras	kgrasav@bandcamp.com	Female	197.89.125.85	$601.88
393	Humberto	Glasbey	hglasbeyaw@aboutads.info	Male	192.178.161.216	$4882.58
394	Avery	Offill	aoffillax@wikia.com	Male	58.69.70.205	$9214.16
395	Iosep	Farry	ifarryay@bandcamp.com	Male	246.9.137.29	$8705.13
396	Sydney	Arkle	sarkleaz@craigslist.org	Male	75.45.119.59	$4120.49
397	Kelila	Cammomile	kcammomileb0@gravatar.com	Female	224.213.192.66	$6696.76
398	Seka	Stanislaw	sstanislawb1@blog.com	Female	243.5.80.232	$4903.80
399	Aldis	Dominy	adominyb2@tiny.cc	Male	183.147.128.190	$6151.76
400	Gabbi	Clery	gcleryb3@bbc.co.uk	Female	172.23.84.226	$7281.83
401	Penn	Redit	preditb4@google.ru	Male	224.194.100.196	$1727.97
402	Maureene	McNirlan	mmcnirlanb5@stanford.edu	Female	239.200.149.222	$4016.29
403	Georgi	Hadkins	ghadkinsb6@mayoclinic.com	Male	114.11.136.140	$4958.37
404	Del	Duffie	dduffieb7@tripod.com	Female	125.145.69.134	$5989.73
405	Templeton	Somerled	tsomerledb8@last.fm	Male	126.250.204.226	$1841.05
406	Hendrik	Clayworth	hclayworthb9@yelp.com	Male	200.5.48.217	$8934.78
407	Andie	Withnall	awithnallba@cloudflare.com	Male	153.49.135.125	$2885.80
408	Verne	Shervil	vshervilbb@clickbank.net	Male	49.93.250.66	$4906.92
409	Zechariah	Braunter	zbraunterbc@oakley.com	Male	144.85.178.1	$1861.22
410	Kittie	Covotti	kcovottibd@unblog.fr	Female	157.56.98.188	$9426.39
411	Rinaldo	Jedrysik	rjedrysikbe@bigcartel.com	Male	193.133.148.147	$1209.56
412	Edsel	Keveren	ekeverenbf@php.net	Male	133.222.195.19	$5671.21
413	Willis	Baraja	wbarajabg@chron.com	Male	40.123.235.114	$7663.48
414	Natalee	Fanti	nfantibh@yandex.ru	Female	1.35.59.113	$6747.75
415	Caressa	Bottomore	cbottomorebi@acquirethisname.com	Female	248.2.145.100	$2698.11
416	Zsazsa	Haydon	zhaydonbj@paginegialle.it	Female	253.230.29.242	$7631.38
417	Shaylynn	Duley	sduleybk@nyu.edu	Female	249.170.202.90	$893.81
418	Shem	Kester	skesterbl@usatoday.com	Male	117.43.242.226	$546.02
419	Katha	Still	kstillbm@lycos.com	Female	161.210.45.110	$1078.74
420	Marlane	Finlry	mfinlrybn@mysql.com	Female	251.183.121.79	$8591.58
421	Valentina	Brunotti	vbrunottibo@yolasite.com	Female	126.85.113.171	$4244.92
422	Shelby	Wilne	swilnebp@ask.com	Female	201.238.247.74	$8040.47
423	Tedi	de Vaen	tdevaenbq@ox.ac.uk	Female	201.9.170.116	$7473.26
424	Chere	Shotboulte	cshotboultebr@wp.com	Female	87.58.167.210	$3237.47
425	Willette	Tremellier	wtremellierbs@reddit.com	Female	83.155.70.255	$8250.54
426	Rubia	Hambric	rhambricbt@arstechnica.com	Female	221.187.202.136	$278.24
427	Richard	Bergin	rberginbu@a8.net	Male	206.111.228.42	$611.75
428	Shaylyn	Gian	sgianbv@i2i.jp	Female	176.35.29.29	$2756.88
429	Vladamir	Dalliwater	vdalliwaterbw@mail.ru	Male	169.24.7.136	$6054.15
430	Mario	Whitelaw	mwhitelawbx@qq.com	Male	248.192.88.215	$9882.96
431	Anatol	Skewes	askewesby@acquirethisname.com	Male	252.117.85.176	$8833.26
432	Helenelizabeth	Giovanni	hgiovannibz@infoseek.co.jp	Female	255.79.227.186	$171.85
433	Stavros	Kaemena	skaemenac0@comcast.net	Male	48.10.177.231	$9625.21
434	Marco	Hearons	mhearonsc1@edublogs.org	Male	94.55.105.227	$5899.25
435	Theresa	Stanway	tstanwayc2@umich.edu	Female	119.27.121.146	$5092.42
436	Lynnett	Fines	lfinesc3@soup.io	Female	0.4.63.201	$8154.24
437	Aretha	Cussen	acussenc4@answers.com	Female	149.98.224.25	$7762.65
438	Olvan	Laurentino	olaurentinoc5@nytimes.com	Male	228.79.40.242	$4681.89
439	Sunshine	Marl	smarlc6@google.co.uk	Female	181.139.130.17	$9784.49
440	Lorilee	Kernermann	lkernermannc7@house.gov	Female	120.175.214.251	$6695.46
441	Sonny	Keal	skealc8@163.com	Female	110.84.67.77	$7958.08
442	Kelly	Compford	kcompfordc9@gov.uk	Female	135.194.11.29	$4530.83
443	Leonora	Durant	ldurantca@craigslist.org	Female	53.46.70.118	$1218.40
444	Deb	Hamon	dhamoncb@toplist.cz	Female	225.176.35.12	$2229.39
445	Toddie	Buddles	tbuddlescc@eepurl.com	Male	251.197.116.254	$2604.96
446	Kenny	Gosnoll	kgosnollcd@prnewswire.com	Male	210.35.229.122	$2880.92
447	Basilius	Martellini	bmartellinice@xrea.com	Male	178.116.85.54	$4754.17
448	Andy	Lopez	alopezcf@indiatimes.com	Male	237.113.8.65	$9235.56
449	Ewart	Richemont	erichemontcg@whitehouse.gov	Male	224.238.35.199	$5694.06
450	Rockie	Bodman	rbodmanch@virginia.edu	Male	88.218.32.47	$5271.52
451	Gayle	Bernocchi	gbernocchici@ycombinator.com	Female	177.44.114.74	$994.42
452	Sherrie	Craighall	scraighallcj@shareasale.com	Female	214.239.58.6	$3851.67
453	Fax	Baseggio	fbaseggiock@baidu.com	Male	96.114.20.73	$144.49
454	Geno	Greenard	ggreenardcl@nydailynews.com	Male	131.96.0.115	$4451.19
455	Agustin	Mather	amathercm@tinyurl.com	Male	11.137.96.134	$5028.48
456	Hunter	Aspey	haspeycn@indiegogo.com	Male	153.40.245.181	$7369.38
457	Robina	Sinnock	rsinnockco@360.cn	Female	226.37.152.101	$7758.21
458	Libbey	Nance	lnancecp@yahoo.com	Female	128.178.124.43	$3155.24
459	Con	Rainbow	crainbowcq@pbs.org	Female	164.153.96.233	$5035.41
460	Colene	Skedgell	cskedgellcr@aboutads.info	Female	250.184.229.211	$2844.82
461	Shadow	Smartman	ssmartmancs@reference.com	Male	93.216.117.111	$5870.36
462	Karim	Carter	kcarterct@ucla.edu	Male	65.82.75.40	$2764.27
463	Madison	Davydychev	mdavydychevcu@archive.org	Male	166.115.114.133	$9459.94
464	Nicolle	Ornillos	nornilloscv@soundcloud.com	Female	181.48.178.85	$7375.47
465	Kelsey	Kingzet	kkingzetcw@nationalgeographic.com	Male	209.176.95.80	$6151.81
466	Teresita	Eddolls	teddollscx@wikia.com	Female	110.166.218.72	$3749.31
467	Kial	Cranham	kcranhamcy@gmpg.org	Female	55.131.250.195	$9111.92
468	Cindie	Tortoise	ctortoisecz@psu.edu	Female	158.4.143.74	$601.69
469	Elroy	Osmond	eosmondd0@unblog.fr	Male	194.233.152.28	$2133.89
470	Duncan	Mainson	dmainsond1@taobao.com	Male	35.157.132.160	$5370.41
471	Barbra	Wadman	bwadmand2@dmoz.org	Female	6.239.117.36	$706.82
472	Thibaud	Beddin	tbeddind3@moonfruit.com	Male	133.62.247.227	$6439.34
473	Aline	Leffek	aleffekd4@dion.ne.jp	Female	133.211.216.17	$1879.09
474	Ki	Gorst	kgorstd5@macromedia.com	Female	214.249.226.26	$5459.26
475	Erl	Smethurst	esmethurstd6@economist.com	Male	77.170.205.184	$1983.58
476	Karalynn	Markos	kmarkosd7@ifeng.com	Female	62.121.133.229	$1690.58
477	Cecil	Cunah	ccunahd8@arstechnica.com	Female	197.224.93.65	$3025.75
478	Eugenius	Lampbrecht	elampbrechtd9@vistaprint.com	Male	231.196.96.255	$4014.16
479	Jasen	Denty	jdentyda@hc360.com	Male	152.251.249.241	$7440.42
480	Annis	Fulle	afulledb@cnbc.com	Female	132.206.138.40	$2744.93
481	Jasper	Vlasov	jvlasovdc@flickr.com	Male	67.163.47.72	$9188.76
482	Artair	Eddie	aeddiedd@soundcloud.com	Male	200.248.248.31	$6041.73
483	Yancey	Knudsen	yknudsende@parallels.com	Male	138.87.80.41	$3272.02
484	Rodney	Milborn	rmilborndf@wunderground.com	Male	7.209.88.170	$2812.88
485	Eleen	Bambrough	ebambroughdg@w3.org	Female	34.196.53.36	$3741.60
486	Penelopa	Freiburger	pfreiburgerdh@oaic.gov.au	Female	204.10.121.120	$1174.74
487	Brittan	Coates	bcoatesdi@quantcast.com	Female	129.9.27.126	$9891.54
488	Minnaminnie	Petrusch	mpetruschdj@godaddy.com	Female	149.46.181.138	$7360.64
489	Maia	Goodspeed	mgoodspeeddk@eepurl.com	Female	155.103.17.145	$8986.79
490	Horatia	Shutle	hshutledl@telegraph.co.uk	Female	144.108.190.32	$4913.39
491	Becky	Bothwell	bbothwelldm@quantcast.com	Female	135.78.173.244	$5987.48
492	Liz	Dundendale	ldundendaledn@blogger.com	Female	153.98.12.69	$1129.43
493	Flinn	Payler	fpaylerdo@forbes.com	Male	219.100.12.217	$6467.22
494	Julienne	Sturton	jsturtondp@1688.com	Female	149.165.182.165	$7977.87
495	Ingrim	Dunsleve	idunslevedq@chron.com	Male	186.208.253.101	$3130.45
496	Elston	Zanicchelli	ezanicchellidr@creativecommons.org	Male	64.70.63.225	$5293.00
497	Stanislaw	Jocelyn	sjocelynds@multiply.com	Male	119.199.160.235	$32.88
498	Abbe	Barltrop	abarltropdt@icio.us	Female	14.215.152.35	$317.27
499	Antonetta	Oliveira	aoliveiradu@elegantthemes.com	Female	53.109.197.83	$5809.61
500	Edward	Sepey	esepeydv@blogspot.com	Male	178.36.238.62	$7164.51
501	Violette	Blanking	vblankingdw@qq.com	Female	204.128.252.181	$3623.74
502	Rois	Napier	rnapierdx@gizmodo.com	Female	164.140.219.49	$4031.83
503	Drake	Suffe	dsuffedy@scribd.com	Male	195.31.209.180	$67.74
504	Maridel	Murfill	mmurfilldz@scientificamerican.com	Female	1.108.164.231	$808.98
505	Pernell	Cousins	pcousinse0@spotify.com	Male	100.187.54.158	$1481.85
506	Barrett	Hebbron	bhebbrone1@jimdo.com	Male	68.91.179.85	$6583.84
507	Regan	Lowndesbrough	rlowndesbroughe2@smh.com.au	Male	239.78.134.201	$2030.13
508	Philippine	Everett	peverette3@toplist.cz	Female	6.39.169.57	$9512.92
509	Myrta	Searjeant	msearjeante4@redcross.org	Female	85.124.199.43	$5754.58
510	Bevon	Chillingsworth	bchillingsworthe5@mysql.com	Male	65.187.203.146	$5259.84
511	Valaria	Pidgin	vpidgine6@scribd.com	Female	97.233.173.147	$238.57
512	Fernanda	Harkess	fharkesse7@myspace.com	Female	118.1.170.26	$3625.26
513	Melvin	Bavidge	mbavidgee8@go.com	Male	63.153.255.136	$5550.43
514	Bendicty	O'Clery	boclerye9@tumblr.com	Male	133.224.180.195	$7458.51
515	Philippine	Piddlehinton	ppiddlehintonea@is.gd	Female	226.134.110.87	$3787.96
516	Johnna	Thyng	jthyngeb@taobao.com	Female	70.68.46.145	$512.85
517	Lin	Dessant	ldessantec@topsy.com	Female	96.237.122.47	$5487.13
518	Lauraine	Weekes	lweekesed@cargocollective.com	Female	83.79.223.211	$4664.82
519	Sylvester	Benjefield	sbenjefieldee@ebay.co.uk	Male	6.5.198.76	$8479.22
520	Christye	Stelfax	cstelfaxef@networkadvertising.org	Female	105.239.4.163	$4746.63
521	Louisette	Haselgrove	lhaselgroveeg@sina.com.cn	Female	92.62.15.185	$1631.20
522	Nels	Cogin	ncogineh@businesswire.com	Male	37.59.116.100	$6195.42
523	Sonny	Halstead	shalsteadei@nymag.com	Male	67.37.49.204	$1153.09
524	Hunfredo	Grunwall	hgrunwallej@webeden.co.uk	Male	135.138.49.248	$8568.02
525	Cassandre	Andor	candorek@instagram.com	Female	147.100.92.247	$8274.45
526	Christel	Maryin	cmaryinel@booking.com	Female	114.149.59.139	$6988.92
527	Josey	Birrell	jbirrellem@reference.com	Female	64.113.169.195	$6153.21
528	Cristobal	Doubrava	cdoubravaen@spotify.com	Male	33.71.85.103	$7599.41
529	Ulrikaumeko	Spurling	uspurlingeo@elegantthemes.com	Female	204.56.98.71	$6209.61
530	Korney	Donnett	kdonnettep@bluehost.com	Female	51.93.170.15	$4659.59
531	Dev	Halbeard	dhalbeardeq@google.fr	Male	140.248.144.61	$9971.63
532	Wyndham	Keningham	wkeninghamer@icq.com	Male	133.84.141.90	$623.05
533	Tirrell	Brosio	tbrosioes@t.co	Male	191.94.170.213	$903.14
534	Aloysia	Slavin	aslavinet@slideshare.net	Female	66.180.92.196	$6984.82
535	Maryann	Schall	mschalleu@auda.org.au	Female	10.55.162.248	$3451.46
536	Valentine	Cogar	vcogarev@berkeley.edu	Female	155.44.26.252	$4412.37
537	Talya	Goodison	tgoodisonew@npr.org	Female	227.70.9.21	$2059.49
538	Blondell	Jandac	bjandacex@vkontakte.ru	Female	62.39.163.58	$9726.95
539	Angeline	Sango	asangoey@timesonline.co.uk	Female	170.103.101.55	$5903.32
540	Shellysheldon	Humphrey	shumphreyez@springer.com	Male	232.69.233.16	$9554.84
541	Deanna	Slorach	dslorachf0@biglobe.ne.jp	Female	204.130.122.75	$4792.78
542	Virginia	Penswick	vpenswickf1@about.me	Female	103.137.139.45	$5842.01
543	Joellen	Totaro	jtotarof2@wufoo.com	Female	5.40.25.137	$7696.64
544	Helene	Bartczak	hbartczakf3@reverbnation.com	Female	180.35.127.214	$7879.16
545	Ira	Deinhardt	ideinhardtf4@blogger.com	Male	70.2.247.97	$2348.99
546	Letizia	de Mendoza	ldemendozaf5@mashable.com	Female	192.170.212.49	$2498.68
547	Antonino	Haryngton	aharyngtonf6@earthlink.net	Male	238.232.123.233	$4054.74
548	Wernher	Rogerot	wrogerotf7@paginegialle.it	Male	246.30.168.202	$283.33
549	Anthea	Renouf	arenouff8@histats.com	Female	187.201.168.157	$7736.25
550	Tore	Fero	tferof9@google.fr	Male	110.144.132.110	$1806.92
551	Gretchen	Brimble	gbrimblefa@pcworld.com	Female	203.126.161.208	$4419.03
552	Balduin	Klimas	bklimasfb@diigo.com	Male	1.219.48.2	$3255.52
553	Ekaterina	McDill	emcdillfc@nps.gov	Female	238.135.57.118	$7583.19
554	Rutherford	Metts	rmettsfd@about.me	Male	215.69.77.39	$5147.47
555	Sarajane	Gorries	sgorriesfe@odnoklassniki.ru	Female	71.104.68.43	$9280.49
556	Gray	Doram	gdoramff@hexun.com	Male	86.193.8.40	$6016.46
557	Saundra	Brandone	sbrandonefg@tinypic.com	Female	231.222.234.175	$2652.22
558	Mariam	Hayman	mhaymanfh@cbsnews.com	Female	204.212.161.38	$8479.94
559	Joya	Truman	jtrumanfi@bizjournals.com	Female	84.185.189.203	$5971.21
560	Selinda	Garrat	sgarratfj@prnewswire.com	Female	28.73.149.114	$4046.35
561	Everard	Littlejohns	elittlejohnsfk@behance.net	Male	69.236.117.105	$3357.43
562	Katha	Cawthery	kcawtheryfl@hao123.com	Female	167.33.19.90	$1037.22
563	Merilee	Whitticks	mwhitticksfm@java.com	Female	18.231.147.129	$1927.64
564	Emlyn	Mocquer	emocquerfn@cnet.com	Female	7.183.140.152	$8453.69
565	Xerxes	Tarburn	xtarburnfo@canalblog.com	Male	61.89.11.214	$2269.86
566	Rowena	Pereira	rpereirafp@earthlink.net	Female	92.196.51.152	$7189.47
567	Brantley	Huscroft	bhuscroftfq@quantcast.com	Male	207.241.191.239	$1670.38
568	Benedicto	Kleinerman	bkleinermanfr@cocolog-nifty.com	Male	171.56.160.130	$9242.03
569	Aloise	Mowsley	amowsleyfs@mac.com	Female	156.77.113.253	$277.69
570	Will	Ervin	wervinft@disqus.com	Male	193.7.168.18	$2823.63
571	Alard	Dunderdale	adunderdalefu@oakley.com	Male	249.103.137.49	$5234.95
572	Alli	Dominico	adominicofv@rakuten.co.jp	Female	94.19.129.167	$4105.04
573	Chevy	Bains	cbainsfw@npr.org	Male	138.178.235.40	$5822.01
574	Melinde	Daniell	mdaniellfx@archive.org	Female	151.159.224.73	$4563.20
575	Francene	Higgonet	fhiggonetfy@wordpress.org	Female	227.172.244.105	$8646.11
576	Oralee	Ivantsov	oivantsovfz@webnode.com	Female	191.15.81.4	$5460.51
577	Alfy	Fetherby	afetherbyg0@cisco.com	Male	67.215.24.196	$8295.17
578	Bonnibelle	Tewkesbury.	btewkesburyg1@fda.gov	Female	50.237.233.175	$452.26
579	Yolanda	Frail	yfrailg2@biblegateway.com	Female	34.25.124.146	$1024.24
580	Xymenes	McCowen	xmccoweng3@joomla.org	Male	220.99.100.182	$1515.88
581	Lamond	Deighan	ldeighang4@mediafire.com	Male	7.44.143.43	$1797.40
582	Bert	Wagen	bwageng5@japanpost.jp	Male	183.178.204.120	$3269.76
583	Lauri	Gantlett	lgantlettg6@ucla.edu	Female	123.199.185.77	$9629.33
584	Zola	Bright	zbrightg7@biblegateway.com	Female	238.80.13.241	$5298.70
585	Gabby	Purdey	gpurdeyg8@livejournal.com	Male	48.92.65.3	$1002.24
586	Shelden	Cluff	scluffg9@devhub.com	Male	236.2.62.59	$4707.82
587	Nata	Gligorijevic	ngligorijevicga@google.pl	Female	183.254.125.76	$8691.27
588	Hagan	Abbiss	habbissgb@networkadvertising.org	Male	142.193.191.66	$3559.67
589	Celisse	Pringley	cpringleygc@usnews.com	Female	152.182.255.4	$90.36
590	Abram	Manueau	amanueaugd@blinklist.com	Male	62.81.137.14	$7143.61
591	Brockie	Dielhenn	bdielhennge@cornell.edu	Male	240.15.59.36	$1409.36
592	Antone	Mousdall	amousdallgf@cisco.com	Male	250.200.27.27	$2986.39
593	Dodie	Nickell	dnickellgg@e-recht24.de	Female	171.92.209.127	$3064.38
594	Georgine	O'Calleran	gocallerangh@friendfeed.com	Female	7.128.234.33	$7402.59
595	Darrelle	Koppeck	dkoppeckgi@xrea.com	Female	180.36.60.210	$5665.36
596	Ella	Gartside	egartsidegj@deliciousdays.com	Female	190.253.29.27	$5384.57
597	Sigismondo	McClymont	smcclymontgk@howstuffworks.com	Male	201.131.88.208	$6871.62
598	Robers	Ceschelli	rceschelligl@umich.edu	Male	228.149.164.219	$4249.55
599	Peirce	Robken	probkengm@time.com	Male	184.195.154.206	$8179.57
600	Cindie	Girardin	cgirardingn@nytimes.com	Female	112.95.73.39	$2287.00
601	Sapphire	Chimes	schimesgo@fastcompany.com	Female	150.199.127.6	$7001.60
602	Esra	Mylan	emylangp@weather.com	Male	212.184.161.9	$2439.69
603	Carlyn	Meys	cmeysgq@wikipedia.org	Female	34.166.165.46	$7753.09
604	Tiffie	Cornwell	tcornwellgr@blog.com	Female	120.250.3.108	$8851.79
605	Gabriela	Bulcroft	gbulcroftgs@wikipedia.org	Female	239.152.96.115	$1741.59
606	Ashleigh	Frostdyke	afrostdykegt@geocities.jp	Female	9.80.218.237	$8527.43
607	Tera	Horney	thorneygu@springer.com	Female	90.103.48.171	$3138.69
608	Monro	Obert	mobertgv@elpais.com	Male	131.100.34.63	$8802.17
609	Berny	Kinnin	bkinningw@nba.com	Female	158.208.7.17	$1614.89
610	Brendis	Edgcombe	bedgcombegx@fema.gov	Male	94.253.79.14	$1922.01
611	Marcy	Bottjer	mbottjergy@google.co.jp	Female	27.255.131.251	$8680.58
612	Sascha	Claesens	sclaesensgz@comsenz.com	Male	197.151.115.61	$4872.30
613	Ulrike	Robshaw	urobshawh0@forbes.com	Female	134.7.93.93	$9325.32
614	Gracia	Shrimpton	gshrimptonh1@yellowbook.com	Female	217.152.89.229	$4689.21
615	Jephthah	Brock	jbrockh2@skyrock.com	Male	164.25.37.23	$82.92
616	Stefan	Fitchet	sfitcheth3@cnet.com	Male	159.196.164.45	$1573.25
617	Pepito	McCaughan	pmccaughanh4@gizmodo.com	Male	93.141.137.160	$3659.46
618	Demetris	Nurdin	dnurdinh5@cloudflare.com	Male	37.38.116.199	$3137.09
619	Maddie	Van Giffen	mvangiffenh6@behance.net	Male	124.48.51.142	$8597.50
620	Kaylee	Micheli	kmichelih7@mozilla.com	Female	251.228.89.59	$6839.46
621	Ferdy	Ickovits	fickovitsh8@mapquest.com	Male	75.68.172.124	$9470.81
622	Aubry	Klimek	aklimekh9@shop-pro.jp	Female	150.31.125.171	$2024.28
623	Husein	Starbeck	hstarbeckha@tiny.cc	Male	150.228.46.107	$1185.32
624	Griffin	Gerhartz	ggerhartzhb@goo.ne.jp	Male	125.97.165.247	$5386.29
625	Glynnis	Saile	gsailehc@creativecommons.org	Female	243.152.228.249	$424.57
626	Rice	Guerro	rguerrohd@google.com.br	Male	136.203.27.25	$5061.00
627	Marje	Maylour	mmaylourhe@microsoft.com	Female	52.144.97.54	$1022.82
628	Lanni	Mennithorp	lmennithorphf@yellowbook.com	Female	184.104.174.154	$5641.46
629	Hamid	Petruk	hpetrukhg@sakura.ne.jp	Male	60.244.135.160	$7845.41
630	Gabbie	Stuer	gstuerhh@joomla.org	Female	179.134.81.118	$6847.73
631	Annetta	Lake	alakehi@auda.org.au	Female	227.41.12.10	$8165.62
632	Elwira	Franklen	efranklenhj@sphinn.com	Female	163.94.249.135	$1412.43
633	Bobbie	Clendennen	bclendennenhk@earthlink.net	Female	158.73.158.132	$1202.52
634	Wait	Dimanche	wdimanchehl@apache.org	Male	45.165.46.248	$7553.51
635	Jordain	Landrick	jlandrickhm@theglobeandmail.com	Female	214.151.85.55	$2733.17
636	Scotti	Dummett	sdummetthn@angelfire.com	Male	105.136.90.112	$9571.57
637	Levin	Ponton	lpontonho@hatena.ne.jp	Male	172.98.112.48	$2826.45
638	Osmond	Twohig	otwohighp@house.gov	Male	181.123.146.184	$3504.01
639	Rowland	Kroger	rkrogerhq@gnu.org	Male	113.119.9.109	$1943.65
640	Wilt	Blain	wblainhr@t.co	Male	95.11.61.67	$9482.12
641	Eydie	Monahan	emonahanhs@bbc.co.uk	Female	161.157.241.181	$4011.06
642	Maura	Beeke	mbeekeht@nih.gov	Female	80.18.5.60	$6709.03
643	Jess	MacInherney	jmacinherneyhu@netscape.com	Male	97.204.228.173	$2518.07
644	Libbey	Whithalgh	lwhithalghhv@elpais.com	Female	253.92.173.1	$4199.57
645	Jonell	Fuster	jfusterhw@vimeo.com	Female	7.31.180.37	$727.18
646	Horatius	Hoyes	hhoyeshx@goodreads.com	Male	78.119.134.24	$314.51
647	Jaquenetta	Amorts	jamortshy@theatlantic.com	Female	113.60.210.202	$9160.58
648	Frankie	Firebrace	ffirebracehz@weather.com	Male	38.101.133.219	$9571.79
649	Laughton	Bruckenthal	lbruckenthali0@cocolog-nifty.com	Male	176.69.193.250	$1721.90
650	Carolina	Dodman	cdodmani1@facebook.com	Female	126.255.131.192	$7757.04
651	Tarah	Banck	tbancki2@cornell.edu	Female	224.43.123.60	$650.36
652	Jennette	Bleasby	jbleasbyi3@ibm.com	Female	16.73.212.131	$933.03
653	Cthrine	Bennedick	cbennedicki4@cbc.ca	Female	206.101.35.51	$2892.75
654	Judon	Pingston	jpingstoni5@wikispaces.com	Male	18.72.64.247	$3278.90
655	Rudolfo	Zanicchi	rzanicchii6@icio.us	Male	44.222.82.127	$6792.63
656	Olav	Stute	ostutei7@istockphoto.com	Male	38.247.163.11	$8345.56
657	Pepito	Brimner	pbrimneri8@gov.uk	Male	246.247.50.124	$5396.57
658	Karalynn	Scarlett	kscarletti9@businesswire.com	Female	229.245.33.146	$6051.27
659	Saul	Francescozzi	sfrancescozziia@ebay.co.uk	Male	198.118.72.116	$1549.29
660	Hilarius	Rainsden	hrainsdenib@telegraph.co.uk	Male	11.73.241.9	$4439.63
661	Chery	Passie	cpassieic@boston.com	Female	245.11.64.171	$1362.00
662	Margalo	Cassius	mcassiusid@gov.uk	Female	62.117.86.163	$5516.92
663	Harmonia	Gillebert	hgillebertie@facebook.com	Female	82.184.136.177	$2852.94
664	Abramo	McDuall	amcduallif@microsoft.com	Male	27.167.13.221	$7577.65
665	Renard	Klaaassen	rklaaassenig@buzzfeed.com	Male	44.20.124.25	$6518.19
666	Sibeal	Hookes	shookesih@reuters.com	Female	41.12.203.238	$8966.54
667	Che	Kleinholz	ckleinholzii@slate.com	Male	0.152.113.128	$715.98
668	Vannie	Mounfield	vmounfieldij@ted.com	Female	154.215.148.226	$4256.87
669	Lewes	Rackham	lrackhamik@flickr.com	Male	63.14.69.5	$3263.63
670	Henrietta	Daintier	hdaintieril@fema.gov	Female	246.17.195.214	$9283.84
671	Agnese	Thaine	athaineim@bravesites.com	Female	173.46.54.121	$5212.05
672	Danica	Chopping	dchoppingin@cisco.com	Female	214.104.144.238	$7035.44
673	Russell	Hiskey	rhiskeyio@dot.gov	Male	156.204.154.83	$1089.04
674	Liam	Bertot	lbertotip@mit.edu	Male	88.255.14.3	$9442.98
675	Joaquin	Shrimpling	jshrimplingiq@wufoo.com	Male	100.82.210.204	$6605.36
676	Mechelle	Housego	mhousegoir@bloomberg.com	Female	6.227.118.20	$154.23
677	Aron	Doy	adoyis@blog.com	Male	98.165.172.142	$2232.22
678	Kort	Smeall	ksmeallit@ibm.com	Male	149.122.58.48	$2675.88
679	Rik	Polsin	rpolsiniu@domainmarket.com	Male	67.197.54.241	$7434.04
680	Timmi	de Copeman	tdecopemaniv@cyberchimps.com	Female	175.138.174.218	$320.02
681	Lian	Oneal	lonealiw@friendfeed.com	Female	208.189.70.140	$3992.05
682	Jsandye	Bramich	jbramichix@domainmarket.com	Female	17.255.196.61	$7781.87
683	Juline	Pynner	jpynneriy@mapquest.com	Female	187.80.231.182	$8163.67
684	Virginie	Tuke	vtukeiz@soundcloud.com	Female	96.65.221.99	$7725.08
685	Brendis	Fanton	bfantonj0@si.edu	Male	157.27.135.162	$6387.49
686	Kary	Readie	kreadiej1@51.la	Female	143.226.47.164	$8217.42
687	Alexi	Hayton	ahaytonj2@wordpress.org	Female	95.139.75.145	$8708.81
688	Chery	Lente	clentej3@economist.com	Female	88.228.175.59	$5657.30
689	Moyna	Georger	mgeorgerj4@amazonaws.com	Female	232.168.95.113	$5893.46
690	Bailie	Burfitt	bburfittj5@youtu.be	Male	129.240.59.56	$6309.47
691	Kristina	Farnorth	kfarnorthj6@abc.net.au	Female	35.20.38.124	$7640.94
692	Josy	Paybody	jpaybodyj7@biblegateway.com	Female	29.125.188.133	$5626.52
693	Lorie	Semper	lsemperj8@examiner.com	Female	168.215.58.128	$9714.49
694	Pru	Hagergham	phagerghamj9@disqus.com	Female	230.136.233.130	$5829.53
695	Burlie	Flinders	bflindersja@si.edu	Male	69.119.88.74	$1616.39
696	Walther	Myatt	wmyattjb@wikispaces.com	Male	242.61.227.129	$4967.39
697	Jaynell	Kinson	jkinsonjc@godaddy.com	Female	113.219.49.201	$8305.87
698	Ken	Petchell	kpetchelljd@hp.com	Male	3.90.203.3	$8714.14
699	Lyn	Redan	lredanje@answers.com	Male	54.227.1.182	$4304.52
700	Gan	Dominiak	gdominiakjf@sciencedirect.com	Male	92.28.32.249	$1677.47
701	Georgeta	Orrah	gorrahjg@4shared.com	Female	191.223.67.101	$8876.49
702	Glenine	Jemison	gjemisonjh@homestead.com	Female	189.96.233.64	$1857.33
703	Heidi	Legerton	hlegertonji@seesaa.net	Female	64.224.59.196	$2222.23
704	Tabby	Jiggins	tjigginsjj@mail.ru	Female	46.168.54.211	$8260.73
705	Claudette	Ealam	cealamjk@people.com.cn	Female	94.197.94.84	$7488.16
706	Rudolfo	Macquire	rmacquirejl@typepad.com	Male	40.12.202.153	$8354.48
707	Robby	Tebbutt	rtebbuttjm@mtv.com	Female	228.195.184.47	$3879.10
708	Jeannie	Terry	jterryjn@whitehouse.gov	Female	255.178.41.141	$6851.17
709	Alfi	O'Hoolahan	aohoolahanjo@umn.edu	Female	159.164.232.166	$63.50
710	Theda	Shawcross	tshawcrossjp@fastcompany.com	Female	180.17.34.132	$9493.71
711	Myrlene	Blofield	mblofieldjq@mayoclinic.com	Female	136.70.241.235	$9677.98
712	Damita	Norker	dnorkerjr@statcounter.com	Female	10.204.64.43	$7972.43
713	Maddy	O'Kielt	mokieltjs@google.com	Male	101.210.148.172	$7627.41
714	Erv	Bristow	ebristowjt@list-manage.com	Male	193.209.145.248	$6035.50
715	Emmery	Abelovitz	eabelovitzju@weebly.com	Male	128.233.6.62	$8580.51
716	Cristal	Mundall	cmundalljv@theguardian.com	Female	130.73.77.191	$3113.35
717	Elysia	Stilwell	estilwelljw@etsy.com	Female	174.23.143.196	$7948.22
718	Shaughn	Willoughey	swillougheyjx@booking.com	Male	35.176.157.107	$2838.04
719	Ephraim	Shave	eshavejy@reddit.com	Male	111.104.11.24	$5284.52
720	Claire	Dunan	cdunanjz@arstechnica.com	Female	152.218.247.165	$5168.12
721	Tamqrah	Slany	tslanyk0@ucoz.ru	Female	255.21.125.202	$1257.12
722	Mycah	Murrhaupt	mmurrhauptk1@blogspot.com	Male	105.19.130.74	$8805.59
723	Janette	Phipps	jphippsk2@ed.gov	Female	86.243.68.250	$1882.60
724	Lesly	Billam	lbillamk3@diigo.com	Female	119.100.165.16	$8951.12
725	Abby	Ashford	aashfordk4@latimes.com	Male	219.124.215.174	$7722.79
726	Emmett	Wetter	ewetterk5@devhub.com	Male	217.143.113.126	$8495.27
727	Marlyn	Beardall	mbeardallk6@addtoany.com	Female	149.7.125.198	$6487.47
728	Dud	Segeswoeth	dsegeswoethk7@google.ca	Male	22.18.107.176	$2579.84
729	Wrennie	Strain	wstraink8@meetup.com	Female	253.72.23.145	$6326.65
730	Bond	Cramer	bcramerk9@google.com.hk	Male	36.40.67.168	$5866.32
731	Oswell	Leuchars	oleucharska@narod.ru	Male	84.236.185.142	$7612.40
732	Van	Howieson	vhowiesonkb@hostgator.com	Female	158.161.69.59	$653.40
733	Franklyn	Crips	fcripskc@psu.edu	Male	182.123.63.119	$2300.93
734	Oriana	Dinan	odinankd@nhs.uk	Female	112.192.53.14	$6535.42
735	Diandra	Yearne	dyearneke@hp.com	Female	79.31.195.182	$1352.14
736	Charley	Kippie	ckippiekf@ibm.com	Male	21.193.209.171	$4054.03
737	Dianemarie	Danilovitch	ddanilovitchkg@barnesandnoble.com	Female	74.44.159.146	$9727.01
738	Humphrey	Kobus	hkobuskh@indiatimes.com	Male	91.186.37.180	$4020.03
739	Odessa	Hargraves	ohargraveski@aol.com	Female	102.171.100.116	$8574.25
740	Geno	Elsegood	gelsegoodkj@pcworld.com	Male	61.129.59.197	$9579.92
741	Alvin	Alyonov	aalyonovkk@statcounter.com	Male	42.96.83.213	$8976.04
742	Cinda	Pyne	cpynekl@reverbnation.com	Female	80.238.155.144	$5172.42
743	Dan	Luchetti	dluchettikm@prnewswire.com	Male	38.119.207.192	$135.34
744	Gavin	Ogden	gogdenkn@nymag.com	Male	199.111.165.213	$2357.31
745	Fleming	Hucker	fhuckerko@wikimedia.org	Male	93.168.48.76	$5852.96
746	Trudey	De La Hay	tdelahaykp@ucsd.edu	Female	40.233.224.129	$9893.41
747	Hilda	Arrow	harrowkq@tripadvisor.com	Female	179.228.185.136	$4487.40
748	Willette	Schuster	wschusterkr@ycombinator.com	Female	62.204.10.152	$3090.42
749	Arnoldo	Boame	aboameks@hud.gov	Male	83.57.254.214	$3870.21
750	Leroy	Whelpdale	lwhelpdalekt@usatoday.com	Male	131.68.45.192	$2988.80
751	Johnathan	Haugeh	jhaugehku@youtu.be	Male	139.69.170.184	$9569.77
752	Kaila	Coggen	kcoggenkv@arstechnica.com	Female	206.90.122.53	$6312.54
753	Freemon	Barney	fbarneykw@washington.edu	Male	198.64.64.207	$3685.73
754	Orelle	Grissett	ogrissettkx@ucoz.ru	Female	86.51.98.202	$970.38
755	Alwyn	Strutton	astruttonky@unblog.fr	Male	22.120.53.178	$3680.90
756	Stanton	Seeking	sseekingkz@mlb.com	Male	238.138.168.163	$9824.26
757	Barny	Vakhrushin	bvakhrushinl0@state.tx.us	Male	192.48.173.22	$5619.31
758	Ruthann	Trays	rtraysl1@google.co.uk	Female	219.28.207.9	$6122.65
759	Tansy	Hinchshaw	thinchshawl2@google.de	Female	242.235.48.47	$8987.64
760	Abagail	Shallow	ashallowl3@dell.com	Female	74.208.140.93	$4731.35
761	Charles	Greenlees	cgreenleesl4@so-net.ne.jp	Male	237.156.238.109	$8614.60
762	Dore	Scherer	dschererl5@tinyurl.com	Female	118.75.247.225	$8490.61
763	Alexine	Pantridge	apantridgel6@tamu.edu	Female	239.144.227.55	$6150.95
764	Aveline	Seccombe	aseccombel7@dyndns.org	Female	121.107.128.214	$3670.35
765	Kennith	Nickerson	knickersonl8@myspace.com	Male	237.18.111.70	$7130.24
766	Jeddy	Emanuele	jemanuelel9@github.com	Male	83.43.129.98	$4869.97
767	Delphinia	Sackett	dsackettla@cloudflare.com	Female	9.36.11.3	$2603.69
768	Ephrayim	Dehm	edehmlb@sina.com.cn	Male	118.24.119.184	$2491.95
769	Koralle	Laffoley-Lane	klaffoleylanelc@wiley.com	Female	239.124.153.224	$5106.40
770	Nat	Beswetherick	nbeswetherickld@shop-pro.jp	Male	243.56.160.131	$4863.52
771	Cart	Coppo	ccoppole@newyorker.com	Male	189.69.249.86	$4483.93
772	Ulrike	Ackerman	uackermanlf@moonfruit.com	Female	238.165.217.59	$7126.16
773	Rolland	Pimbley	rpimbleylg@google.fr	Male	6.227.241.136	$7192.19
774	Bobinette	Broune	bbrounelh@merriam-webster.com	Female	32.230.194.177	$3533.46
775	Hollis	Jaffa	hjaffali@ted.com	Male	85.186.202.2	$3178.84
776	Aurelia	Cleworth	acleworthlj@youku.com	Female	66.123.102.110	$1810.77
777	Tamiko	Virgoe	tvirgoelk@cbc.ca	Female	242.254.11.89	$4191.31
778	Aguste	Losemann	alosemannll@sphinn.com	Male	189.50.205.148	$9137.80
779	Wynne	Houson	whousonlm@house.gov	Female	238.42.2.181	$8350.40
780	Nike	Bonehill	nbonehillln@bloglines.com	Female	209.203.28.244	$5350.32
781	Hubie	Pottery	hpotterylo@opera.com	Male	179.151.60.127	$1375.12
782	Elle	Thynn	ethynnlp@photobucket.com	Female	94.143.133.93	$8057.29
783	Fidelio	Shepley	fshepleylq@mysql.com	Male	109.21.92.37	$7734.87
784	Galina	Skowcraft	gskowcraftlr@blog.com	Female	221.2.168.72	$3323.24
785	Giulio	McPeake	gmcpeakels@columbia.edu	Male	16.72.167.207	$292.90
786	Christos	Durtnal	cdurtnallt@virginia.edu	Male	148.142.46.197	$594.87
787	Peggie	Danielczyk	pdanielczyklu@yelp.com	Female	9.5.165.181	$1768.78
788	Jermayne	Peidro	jpeidrolv@goo.gl	Male	40.206.57.206	$5139.02
789	Deidre	Tumayan	dtumayanlw@soup.io	Female	131.129.226.101	$4266.84
790	Howey	Peachman	hpeachmanlx@amazon.de	Male	180.28.151.145	$4992.29
791	Donna	Turmel	dturmelly@freewebs.com	Female	22.66.215.7	$5996.87
792	Roma	Forsey	rforseylz@lycos.com	Male	181.100.93.50	$1239.38
793	Mortimer	Saiens	msaiensm0@newyorker.com	Male	81.119.163.226	$9831.45
794	Niven	Hanselmann	nhanselmannm1@cpanel.net	Male	245.43.218.98	$4287.91
795	Joline	Dovermann	jdovermannm2@newsvine.com	Female	255.124.10.39	$896.00
796	Anatollo	Slaymaker	aslaymakerm3@over-blog.com	Male	247.73.196.217	$6416.30
797	Eziechiele	Osban	eosbanm4@sakura.ne.jp	Male	179.21.27.62	$6357.30
798	Roselin	Lethebridge	rlethebridgem5@de.vu	Female	128.113.112.187	$6800.97
799	Randene	Hyam	rhyamm6@mit.edu	Female	21.163.191.28	$8517.22
800	Vaughan	Lumsdall	vlumsdallm7@yelp.com	Male	109.211.67.24	$5239.10
801	Nelson	Trawin	ntrawinm8@ifeng.com	Male	2.14.16.49	$5867.84
802	Tabor	Suddell	tsuddellm9@opera.com	Male	72.242.35.31	$4156.29
803	Alfy	Pagen	apagenma@chicagotribune.com	Male	141.229.186.82	$4586.52
804	Faith	Wingate	fwingatemb@istockphoto.com	Female	82.122.178.152	$4926.05
805	Crissie	Langmead	clangmeadmc@slideshare.net	Female	232.118.75.156	$3752.12
806	Engracia	Olenikov	eolenikovmd@shop-pro.jp	Female	109.145.24.25	$167.95
807	Carmela	Enocksson	cenockssonme@microsoft.com	Female	193.119.178.231	$9009.96
808	Ira	Lindeman	ilindemanmf@google.co.jp	Male	177.162.152.88	$193.33
809	Jo	McEvon	jmcevonmg@prlog.org	Male	94.61.37.68	$9529.74
810	Lorens	Adamski	ladamskimh@bbc.co.uk	Male	19.243.156.189	$514.57
811	Lenora	Purves	lpurvesmi@unblog.fr	Female	110.228.118.98	$1035.31
812	Jenny	Bruty	jbrutymj@mashable.com	Female	42.222.75.171	$6722.97
813	Bamby	D'Ambrogio	bdambrogiomk@google.de	Female	245.18.107.125	$9270.42
814	Umeko	Whitebrook	uwhitebrookml@aol.com	Female	246.146.215.253	$8205.77
815	Ferris	Hattoe	fhattoemm@addthis.com	Male	243.132.165.190	$3717.21
816	Mycah	Crewther	mcrewthermn@imdb.com	Male	51.204.172.117	$8222.10
817	Nathalie	Woodberry	nwoodberrymo@symantec.com	Female	162.161.120.162	$9279.54
818	Courtnay	Olek	colekmp@taobao.com	Male	118.149.173.255	$2931.51
819	Quinn	Cruise	qcruisemq@yellowbook.com	Male	242.4.52.210	$3599.14
820	Benoit	Handscombe	bhandscombemr@slashdot.org	Male	52.68.49.19	$6109.91
821	Sisile	Trenbey	strenbeyms@kickstarter.com	Female	39.215.172.80	$3480.17
822	Jamaal	Bugs	jbugsmt@gov.uk	Male	101.238.152.126	$9612.99
823	Kelcy	Dublin	kdublinmu@istockphoto.com	Female	73.215.93.141	$3734.82
824	Gardiner	Nozzolii	gnozzoliimv@economist.com	Male	30.103.148.112	$1973.87
825	Carlota	Rois	croismw@un.org	Female	26.237.52.205	$2685.86
826	Cozmo	Kilner	ckilnermx@sphinn.com	Male	157.237.60.107	$7260.47
827	Manya	Larman	mlarmanmy@jiathis.com	Female	91.252.192.176	$4637.61
828	Lishe	Rock	lrockmz@accuweather.com	Female	41.74.186.233	$6308.15
829	Lorilee	Scothern	lscothernn0@addthis.com	Female	128.192.130.180	$3416.10
830	Debora	Skone	dskonen1@imgur.com	Female	183.97.246.31	$7986.05
831	Craggy	Garner	cgarnern2@woothemes.com	Male	67.104.197.79	$8080.85
832	Vaughan	Itzhak	vitzhakn3@mapquest.com	Male	134.200.183.200	$8258.32
833	Clemmy	Preedy	cpreedyn4@tamu.edu	Female	105.197.149.33	$4112.24
834	Matthias	Iacomettii	miacomettiin5@uol.com.br	Male	162.3.151.147	$86.07
835	Hermann	Giacomo	hgiacomon6@photobucket.com	Male	150.190.206.170	$9408.32
836	Madalena	Clee	mcleen7@instagram.com	Female	59.250.193.11	$2405.07
837	Mikaela	Wigin	mwiginn8@wunderground.com	Female	15.122.113.111	$3996.34
838	Lura	Sweeten	lsweetenn9@state.gov	Female	127.126.110.174	$8157.80
839	Danie	Robbins	drobbinsna@xinhuanet.com	Male	240.94.189.18	$7597.83
840	Filberte	Garrat	fgarratnb@senate.gov	Male	134.150.192.235	$8446.15
841	Vera	Speirs	vspeirsnc@stanford.edu	Female	210.209.36.194	$4138.29
842	Laraine	Knights	lknightsnd@go.com	Female	129.146.253.8	$3673.58
843	Brooke	Holehouse	bholehousene@addtoany.com	Male	216.164.153.21	$8371.19
844	Pace	Guys	pguysnf@dailymotion.com	Male	210.204.169.79	$1364.50
845	Any	Orris	aorrisng@google.ru	Male	233.165.47.16	$2851.67
846	Hana	Pennone	hpennonenh@yale.edu	Female	80.14.87.40	$1852.45
847	Carry	Kimberley	ckimberleyni@guardian.co.uk	Female	103.83.184.84	$7763.05
848	Lianna	Toffoletto	ltoffolettonj@boston.com	Female	243.128.36.134	$9437.28
849	Grier	Wonfar	gwonfarnk@wordpress.com	Female	137.152.163.93	$2499.08
850	Pietra	Balaizot	pbalaizotnl@uol.com.br	Female	206.87.64.162	$9273.17
851	Graeme	How to preserve	ghowtopreservenm@furl.net	Male	10.204.38.244	$4442.39
852	Astrid	Burlingham	aburlinghamnn@newsvine.com	Female	206.63.205.254	$2002.86
853	Cirilo	Haitlie	chaitlieno@ebay.co.uk	Male	66.142.194.112	$6154.16
854	Wake	Halgarth	whalgarthnp@cbc.ca	Male	126.37.134.206	$5843.07
855	Karita	Scini	kscininq@slideshare.net	Female	131.143.182.121	$5004.47
856	Alika	Righy	arighynr@springer.com	Female	216.171.101.117	$9456.90
857	Chelsy	Lucio	clucions@t-online.de	Female	58.253.234.203	$3864.36
858	Neils	Tetther	ntetthernt@tripadvisor.com	Male	49.177.196.63	$7512.19
859	Paulie	Cottu	pcottunu@usnews.com	Female	95.179.240.7	$6390.56
860	Fleurette	Abercromby	fabercrombynv@sbwire.com	Female	111.40.148.173	$4220.89
861	Olympia	Benny	obennynw@ed.gov	Female	96.95.77.52	$5629.50
862	Oralle	Vaney	ovaneynx@so-net.ne.jp	Female	205.130.217.16	$4272.10
863	Lemmie	Denty	ldentyny@shinystat.com	Male	159.57.111.138	$8428.96
864	Corry	Iredale	ciredalenz@yale.edu	Female	164.46.209.189	$6142.97
865	Dale	Legan	dlegano0@msu.edu	Female	252.33.123.23	$457.77
866	Avram	Thwaite	athwaiteo1@freewebs.com	Male	188.66.98.111	$6205.47
867	Kay	McGrady	kmcgradyo2@yahoo.co.jp	Female	24.249.11.199	$9821.28
868	Gardie	Parnby	gparnbyo3@dailymotion.com	Male	107.108.66.194	$3335.36
869	Galven	Lembrick	glembricko4@un.org	Male	45.103.51.141	$4002.69
870	Ginnifer	Hebson	ghebsono5@blogspot.com	Female	237.226.1.187	$3270.66
871	Willyt	Blain	wblaino6@exblog.jp	Female	118.12.50.53	$5703.30
872	Feodora	Maisey	fmaiseyo7@disqus.com	Female	36.204.136.144	$3502.79
873	Tim	Dinnis	tdinniso8@jimdo.com	Male	133.80.5.250	$9947.22
874	Kakalina	Burnyeat	kburnyeato9@example.com	Female	103.8.55.31	$6761.05
875	Kitti	Duffer	kdufferoa@nbcnews.com	Female	23.192.192.31	$4009.39
876	Karrie	Rumgay	krumgayob@blogs.com	Female	124.220.156.159	$675.50
877	Costanza	Vardie	cvardieoc@xrea.com	Female	54.243.47.174	$9277.97
878	Jacqui	Atack	jatackod@omniture.com	Female	214.84.248.159	$6385.18
879	Raynor	Riley	rrileyoe@xrea.com	Male	215.52.169.10	$3864.54
880	Warren	Maly	wmalyof@joomla.org	Male	80.177.85.104	$5435.70
881	Arin	Symmons	asymmonsog@cyberchimps.com	Male	214.166.220.105	$7228.05
882	Frank	Tzuker	ftzukeroh@parallels.com	Male	166.103.115.245	$9731.48
883	Jae	Van T'Hoog	jvanthoogoi@themeforest.net	Male	190.255.153.26	$9644.83
884	Inglebert	Walls	iwallsoj@imageshack.us	Male	29.24.46.139	$7939.72
885	Marc	Derby	mderbyok@weebly.com	Male	226.198.165.3	$8560.63
886	Edvard	McCome	emccomeol@usatoday.com	Male	243.249.52.212	$5792.79
887	Harrison	Marshalleck	hmarshalleckom@cpanel.net	Male	152.49.85.243	$6331.31
888	Alysa	Scatcher	ascatcheron@flickr.com	Female	155.136.168.18	$4387.15
889	Perl	Eliesco	peliescooo@smh.com.au	Female	132.233.47.191	$7222.48
890	Mattie	Lacroutz	mlacroutzop@devhub.com	Female	85.175.221.133	$6845.53
891	Rem	Callar	rcallaroq@usgs.gov	Male	79.187.50.199	$8561.71
892	Angele	Dorgon	adorgonor@elpais.com	Female	103.73.101.35	$286.29
893	Paton	Hankard	phankardos@wikipedia.org	Male	9.37.210.244	$9676.83
894	Desmond	Crellim	dcrellimot@constantcontact.com	Male	208.85.74.246	$8341.08
895	Nancee	Barney	nbarneyou@myspace.com	Female	136.31.43.178	$1725.40
896	Osmund	Jollie	ojollieov@techcrunch.com	Male	153.94.171.3	$4523.80
897	Wilmette	Sonnenschein	wsonnenscheinow@mysql.com	Female	71.223.228.170	$6310.22
898	Natal	Rippin	nrippinox@shinystat.com	Male	191.180.84.158	$7887.61
899	Tabby	Mickelwright	tmickelwrightoy@china.com.cn	Female	58.42.240.144	$4112.63
900	Bobine	Hirtzmann	bhirtzmannoz@prlog.org	Female	135.173.253.130	$1188.03
901	Elinor	Halbord	ehalbordp0@howstuffworks.com	Female	237.10.14.242	$3926.02
902	Graeme	Anersen	ganersenp1@apple.com	Male	22.178.202.231	$7262.78
903	Gerald	Tellwright	gtellwrightp2@nature.com	Male	72.88.191.21	$72.10
904	Sabine	Symington	ssymingtonp3@photobucket.com	Female	154.105.86.100	$4034.03
905	Blayne	Elvy	belvyp4@opensource.org	Male	152.39.182.172	$9681.32
906	Pascal	Presnell	ppresnellp5@com.com	Male	226.160.106.225	$999.88
907	Dane	Kyngdon	dkyngdonp6@godaddy.com	Male	5.68.75.227	$6272.94
908	Arlin	Feighry	afeighryp7@flickr.com	Male	58.157.198.222	$3524.27
909	Francene	Vasilechko	fvasilechkop8@ask.com	Female	65.155.125.56	$5008.01
910	Lorin	Farquar	lfarquarp9@unesco.org	Male	129.126.43.177	$7815.64
911	Beatrisa	Hacquel	bhacquelpa@sourceforge.net	Female	123.78.177.249	$5269.68
912	Sayre	Kincla	skinclapb@tamu.edu	Male	229.16.19.29	$2453.71
913	Rabi	McAlpine	rmcalpinepc@naver.com	Male	197.91.247.172	$2961.38
914	Norean	Huckle	nhucklepd@statcounter.com	Female	39.227.212.5	$3966.40
915	Filbert	Greenhough	fgreenhoughpe@blogger.com	Male	247.107.114.43	$1419.10
916	Dorian	Girdler	dgirdlerpf@wordpress.com	Male	11.130.175.221	$9684.53
917	Camile	Bratt	cbrattpg@printfriendly.com	Female	85.93.14.48	$207.50
918	Carissa	Yakovliv	cyakovlivph@goo.ne.jp	Female	41.189.181.72	$775.75
919	Cass	Kilroy	ckilroypi@booking.com	Female	226.27.111.246	$1996.56
920	Renaud	Paolacci	rpaolaccipj@alibaba.com	Male	156.218.36.204	$807.59
921	Zenia	Egentan	zegentanpk@merriam-webster.com	Female	70.211.243.184	$930.76
922	Welsh	Comino	wcominopl@sourceforge.net	Male	4.21.102.77	$1961.48
923	Rustie	Challender	rchallenderpm@elegantthemes.com	Male	54.136.84.238	$2150.67
924	Timmy	Messiter	tmessiterpn@ucsd.edu	Female	136.153.109.14	$7212.14
925	Tiffi	Thraves	tthravespo@flickr.com	Female	136.210.250.213	$3858.87
926	Rollo	Krahl	rkrahlpp@aboutads.info	Male	212.181.245.127	$1135.83
927	Jannel	Sally	jsallypq@huffingtonpost.com	Female	132.138.20.193	$5680.23
928	Thia	Kidde	tkiddepr@moonfruit.com	Female	213.255.157.53	$7854.98
929	Merry	Grieves	mgrievesps@qq.com	Male	184.238.7.123	$9059.22
930	Alejandro	McCrohon	amccrohonpt@addthis.com	Male	8.60.112.204	$4302.58
931	Gerry	Pursglove	gpursglovepu@icio.us	Female	198.186.191.210	$7854.41
932	Urbano	Daniele	udanielepv@hao123.com	Male	251.43.232.194	$842.37
933	Georg	Andrini	gandrinipw@eepurl.com	Male	170.145.254.41	$5245.61
934	Carmela	Redferne	credfernepx@yolasite.com	Female	142.159.21.57	$2884.97
935	Dillie	Challener	dchallenerpy@eepurl.com	Male	119.9.157.184	$192.35
936	Martha	Woosnam	mwoosnampz@newsvine.com	Female	157.251.50.51	$7117.62
937	Lurette	Oiseau	loiseauq0@ycombinator.com	Female	64.154.118.247	$6772.28
938	Giacomo	Mellody	gmellodyq1@google.co.uk	Male	44.9.133.180	$2403.62
939	Goddard	McKirdy	gmckirdyq2@mac.com	Male	186.109.210.59	$4873.83
940	Theresita	Ackermann	tackermannq3@amazon.com	Female	237.99.222.84	$7132.68
941	Erik	Pease	epeaseq4@google.pl	Male	215.192.123.216	$9900.47
942	Jackelyn	Finker	jfinkerq5@adobe.com	Female	18.206.124.79	$1719.97
943	Daven	Gyorgy	dgyorgyq6@paypal.com	Male	52.18.247.149	$7061.99
944	Eben	Gouldeby	egouldebyq7@gmpg.org	Male	80.208.210.209	$1122.13
945	Neil	Brewin	nbrewinq8@telegraph.co.uk	Male	204.122.78.188	$9171.15
946	Morry	MacCleod	mmaccleodq9@technorati.com	Male	159.254.13.75	$3463.12
947	Lorena	McFaul	lmcfaulqa@craigslist.org	Female	249.46.80.214	$3488.24
948	Mair	Pandie	mpandieqb@ucoz.ru	Female	30.9.236.236	$7316.47
949	Rossie	Parlatt	rparlattqc@dropbox.com	Male	120.203.158.234	$5225.65
950	Crin	Tidman	ctidmanqd@europa.eu	Female	218.79.22.67	$4333.07
951	Dottie	Landeg	dlandegqe@photobucket.com	Female	159.224.139.198	$4807.42
952	Sande	Jaulmes	sjaulmesqf@domainmarket.com	Female	67.161.195.123	$8173.89
953	Howie	Swires	hswiresqg@shutterfly.com	Male	17.123.160.68	$4300.45
954	Richie	Ganley	rganleyqh@blogger.com	Male	58.221.29.39	$1999.89
955	Idelle	Epple	ieppleqi@histats.com	Female	166.92.254.77	$5725.12
956	Ingrid	Heiden	iheidenqj@ezinearticles.com	Female	113.27.185.11	$9729.38
957	Christel	Rawe	craweqk@addthis.com	Female	71.172.90.60	$3832.93
958	Gae	Cullip	gcullipql@ibm.com	Female	213.36.243.187	$8358.41
959	Ephrayim	Emby	eembyqm@sciencedaily.com	Male	85.125.238.112	$8773.40
960	Bil	Giovanni	bgiovanniqn@tuttocitta.it	Male	216.196.120.85	$9625.09
961	Dene	Hardi	dhardiqo@google.ru	Male	52.204.157.11	$5877.53
962	Tobin	Keems	tkeemsqp@wufoo.com	Male	237.61.51.66	$7001.25
963	Petey	Albion	palbionqq@time.com	Male	83.186.121.212	$7241.90
964	Kliment	Sutterby	ksutterbyqr@mit.edu	Male	50.227.71.177	$7707.00
965	Danika	Cescon	dcesconqs@exblog.jp	Female	7.121.156.95	$2551.91
966	Niel	Guillotin	nguillotinqt@icq.com	Male	50.154.7.246	$8447.29
967	Vachel	Monksfield	vmonksfieldqu@cbc.ca	Male	1.225.56.176	$4851.06
968	Nealon	Cornils	ncornilsqv@msn.com	Male	226.244.51.252	$7748.88
969	Mitchell	Abby	mabbyqw@amazon.de	Male	166.144.93.70	$476.36
970	Olimpia	Juorio	ojuorioqx@hhs.gov	Female	67.235.247.86	$6622.39
971	Amie	Linnock	alinnockqy@hhs.gov	Female	116.44.141.7	$6365.40
972	Freddy	Odom	fodomqz@dropbox.com	Male	105.21.100.67	$2165.09
973	Emmey	Paddell	epaddellr0@twitpic.com	Female	47.223.154.156	$3094.02
974	Oates	Bonsul	obonsulr1@posterous.com	Male	231.170.58.252	$470.34
975	Miof mela	Fontaine	mfontainer2@ibm.com	Female	243.61.25.108	$9350.14
976	Bayard	Forcer	bforcerr3@squarespace.com	Male	15.125.138.21	$4119.94
977	Dev	Warsap	dwarsapr4@state.tx.us	Male	81.65.231.79	$3368.11
978	Gwenneth	Memmory	gmemmoryr5@adobe.com	Female	180.124.172.88	$8465.94
979	Mose	Dimmock	mdimmockr6@rambler.ru	Male	244.192.24.139	$8471.74
980	Ody	Weerdenburg	oweerdenburgr7@cyberchimps.com	Male	119.120.219.239	$86.89
981	Lilyan	Keppel	lkeppelr8@printfriendly.com	Female	63.234.180.49	$3806.58
982	Conway	Goretti	cgorettir9@apple.com	Male	220.155.17.109	$8663.77
983	Emelita	Midford	emidfordra@cornell.edu	Female	195.154.144.187	$730.51
984	Agretha	Woolerton	awoolertonrb@digg.com	Female	150.140.84.60	$5360.06
985	Garreth	Bend	gbendrc@vimeo.com	Male	58.99.114.191	$9856.95
986	Mariquilla	Staton	mstatonrd@addtoany.com	Female	152.50.78.128	$9713.77
987	Waylin	Antonowicz	wantonowiczre@oakley.com	Male	138.212.104.46	$6132.16
988	Cobbie	Whereat	cwhereatrf@vk.com	Male	4.242.114.216	$3616.00
989	Lucius	Sievewright	lsievewrightrg@nih.gov	Male	120.12.49.189	$1919.95
990	Talbot	Bogeys	tbogeysrh@canalblog.com	Male	182.4.16.195	$9016.42
991	Niall	Jeafferson	njeaffersonri@howstuffworks.com	Male	128.18.154.165	$8927.31
992	Kendricks	Scaife	kscaiferj@edublogs.org	Male	235.27.25.122	$5540.92
993	Winfred	Limer	wlimerrk@bloomberg.com	Male	180.225.148.220	$1598.91
994	Odessa	Barock	obarockrl@paginegialle.it	Female	53.94.56.160	$8319.27
995	Roxanna	Phillot	rphillotrm@acquirethisname.com	Female	87.31.42.133	$4570.98
996	Godfrey	Lamping	glampingrn@army.mil	Male	81.121.129.32	$9824.88
997	Lane	O'Crotty	locrottyro@bbb.org	Male	89.165.101.245	$4470.42
998	Raffarty	Stuehmeier	rstuehmeierrp@upenn.edu	Male	94.146.65.101	$2853.72
999	Nixie	Elliott	nelliottrq@pagesperso-orange.fr	Female	167.73.62.173	$2020.98
1000	Katie	Havock	khavockrr@nps.gov	Female	247.69.135.123	$9625.36
